"SimpName";"EngName";"TradName";"price";"birthday";"weight";"height";"IdioFoot";"nationality";"contract"
"米克尔·阿尔特塔";"Amatriain Arteta Mikel";"阿迪達";"175万英镑";"1982-03-26";"69";"176";"右脚";"西班牙";"2016-06-30"
"莱诺";"Bernd Leno";"賓特利奴";"2700万英镑";"1992-03-04";"79";"189";"右脚";"德国";"2023-06-30"
"马修.麦西";"Matthew Macey";"馬修·麥西";"22.5万英镑";"1994-09-09";"";"199";"右脚";"英格兰";"2020-06-30"
"达米安·马丁内斯";"Damian Martinez";"D.馬天尼斯";"315万英镑";"1992-09-02";"88";"190";"右脚";"阿根廷";"2022-06-30"
"瑞科兰.穆斯塔菲";"Shkodran Mustafi";"梅斯達菲";"1620万英镑";"1992-04-17";"73";"184";"右脚";"德国、阿尔巴尼亚";"2021-06-30"
"帕帕斯塔托普洛斯";"Sokratis Papastathopoulos";"柏巴斯托普里斯";"1800万英镑";"1988-06-09";"82";"186";"右脚";"希腊";"2021-06-30"
"科拉希纳茨";"Sead Kolasinac";"哥拉辛歷";"1800万英镑";"1993-06-20";"82";"183";"左脚";"波黑、德国";"2022-06-30"
"大卫.路易斯";"David Luiz Moreira Marinho";"大衛雷斯";"1800万英镑";"1987-04-22";"84";"189";"右脚";"巴西、葡萄牙";"2021-06-30"
"贝莱林";"Hector Bellerin";"比拿連";"3600万英镑";"1995-03-19";"";"178";"右脚";"西班牙";"2023-06-30"
"基兰·蒂尔尼";"Kieran Tierney";"基蘭·蒂爾尼";"2250万英镑";"1997-06-05";"";"178";"左脚";"苏格兰";"2024-06-30"
"罗伯特-霍尔丁";"Robert Holding";"賀丁";"1080万英镑";"1995-09-20";"";"189";"右脚";"英格兰";"2023-06-30"
"卡伦.钱伯斯";"Calum Chambers";"張伯斯";"1260万英镑";"1995-01-20";"66";"183";"右脚";"英格兰";"2022-06-30"
"Z.梅迪尔雷";"Zech Medley";"Z.梅迪尔雷";"万英镑";"2000-07-07";"";"";"";"英格兰";""
"格拉尼特.扎卡";"Granit Xhaka";"薩卡";"3600万英镑";"1992-09-27";"70";"186";"左脚";"瑞士、科索沃";"2023-06-30"
"梅苏特·厄齐尔";"Mesut Ozil";"奧斯爾";"2250万英镑";"1988-10-15";"73";"180";"左脚";"德国";"2021-06-30"
"塞巴洛斯";"Daniel Ceballos Fernandez";"斯巴路斯";"4050万英镑";"1996-08-07";"65";"179";"右脚";"西班牙";"2020-06-30"
"尼古拉斯-佩佩";"Nicolas Pepe";"N.柏比";"6750万英镑";"1995-05-29";"68";"183";"左脚";"法国、法国";"2024-06-30"
"卢卡斯-托雷拉";"Lucas Torreira";"托雷拉";"4950万英镑";"1996-02-11";"";"166";"右脚";"乌拉圭、西班牙";"2023-06-30"
"阿斯利.奈尔斯";"Ainsley Maitland-Niles";"馬特蘭尼斯";"1620万英镑";"1997-08-29";"";"180";"右脚";"英格兰";"2023-06-30"
"马特奥.古恩多兹";"Matteo Guendouzi";"古恩杜斯";"4050万英镑";"1999-04-14";"";"184";"右脚";"法国、摩洛哥";"2022-06-30"
"赖斯-尼尔森";"Reiss Nelson";"赖斯尼尔森";"1530万英镑";"1999-12-10";"71";"175";"右脚";"英格兰、津巴布韦";"2022-06-30"
"约瑟夫.维洛克";"Joseph Willock";"约瑟夫.维洛克";"900万英镑";"1999-08-20";"";"179";"右脚";"英格兰、蒙塞拉特岛";""
"加布里埃尔马丁内利";"Gabriel Teodoro Martinelli Silva";"加布里埃爾.馬丁內利";"720万英镑";"2001-06-18";"";"180";"右脚";"巴西、意大利";"2024-06-30"
"J.奥莱因卡";"Olujimi James Ayodele Olayinka";"J.奧萊因卡";"万英镑";"2000-10-05";"";"";"";"英格兰";""
"亚历山大·拉扎泽特";"Alexandre Lacazette";"拿卡錫迪";"6300万英镑";"1991-05-28";"73";"176";"右脚";"法国、瓜德罗普";"2022-06-30"
"皮埃尔.奥巴梅扬";"Pierre-Emerick Aubameyang";"奧巴美揚";"6300万英镑";"1989-06-18";"75";"187";"右脚";"加蓬、法国";"2021-06-30"
"爱德华.恩凯蒂亚";"Edward Nketiah";"尼基迪亞";"720万英镑";"1999-05-30";"";"180";"右脚";"英格兰、加纳";"2020-05-31"
"迪恩·史密斯";"Dean Smith";"甸史密夫";"万英镑";"1971-03-19";"";"185";"";"英格兰";""
"奥章·尼兰德";"Orjan Haskjold Nyland";"尼蘭特";"270万英镑";"1990-09-10";"";"192";"右脚";"挪威";"2021-06-30"
"汤姆.希顿";"Tom Heaton";"湯希頓";"270万英镑";"1986-04-15";"86";"188";"右脚";"英格兰";"2020-06-30"
"L.卡利尼奇";"Lovre Kalinic";"L.卡利尼奇";"585万英镑";"1990-04-03";"90";"201";"右脚";"克罗地亚";"2023-06-30"
"何塞·雷纳";"Jose Manuel Reina Paez";"連拿";"72万英镑";"1982-08-31";"85";"188";"右脚";"西班牙";"2021-06-30"
"简尼·斯蒂尔";"Jed Steer";"J.史迪亞";"180万英镑";"1992-09-23";"80";"182";"左脚";"英格兰、苏格兰";"2023-06-30"
"尼尔·泰勒";"Neil Taylor";"尼爾泰萊";"360万英镑";"1989-02-07";"64";"176";"左脚";"威尔士";"2021-06-30"
"泰朗.明斯";"Tyrone Mings";"明斯";"450万英镑";"1993-03-13";"77";"195";"左脚";"英格兰、巴巴多斯";"2022-06-30"
"埃尔.穆哈马迪";"Ahmed El Mohammadi";"艾莫哈馬迪";"270万英镑";"1987-09-09";"81";"182";"右脚";"埃及";"2020-06-30"
"马特.塔格特";"Matt Targett";"泰基特";"630万英镑";"1995-09-18";"68";"183";"左脚";"英格兰、苏格兰";"2022-06-30"
"科尔特尼.豪塞";"Kortney Hause";"科爾特尼.豪塞";"90万英镑";"1995-07-16";"";"191";"左脚";"英格兰";"2021-06-30"
"弗雷德里克.吉伯特";"Frederic Guilbert";"弗雷德裏克.吉伯特";"540万英镑";"1994-12-24";"";"178";"右脚";"法国";"2023-06-30"
"切斯特";"James Chester";"謝斯特";"720万英镑";"1989-01-23";"75";"177";"右脚";"威尔士、英格兰";"2020-06-30"
"埃兹林.恩戈约干沙";"Ezri Konsa Ngoyo";"恩戈約幹沙";"315万英镑";"1997-10-23";"";"183";"右脚";"英格兰";"2021-06-30"
"B.恩格斯";"Bjorn Engels";"B.艾加斯";"540万英镑";"1994-09-15";"83";"194";"右脚";"比利时";"2019-06-30"
"丹尼尔.德林克沃特";"Daniel Drinkwater";"真禾特";"540万英镑";"1990-03-05";"69";"177";"右脚";"英格兰";"2020-01-06"
"亨利·兰斯布里";"Henri Lansbury";"蘭斯貝利";"135万英镑";"1990-10-12";"85";"183";"右脚";"英格兰";"2021-06-30"
"约翰";"John McGinn";"約翰.麥克金";"585万英镑";"1994-10-18";"";"178";"左脚";"苏格兰";"2024-06-30"
"杰克·格拉利什";"Jack Grealish";"基利殊";"2250万英镑";"1995-09-10";"68";"175";"右脚";"英格兰、爱尔兰";"2023-06-30"
"安瓦尔埃尔加齐";"Anwar El-Ghazi";"艾加斯";"675万英镑";"1995-05-03";"78";"189";"右脚";"荷兰、摩洛哥";"2023-06-30"
"J.拉玛路";"Jose Ignacio Peleteiro Ramallo";"祖達";"450万英镑";"1991-06-16";"67";"180";"左脚";"西班牙";"2021-06-30"
"M.纳卡巴";"Marvelous Nakamba";"M.納卡巴";"585万英镑";"1994-01-19";"";"177";"左脚";"津巴布韦";"2024-06-30"
"特勒泽盖";"Mahmoud Ibrahim Hassan,Trezeguet";"查司古特";"540万英镑";"1994-10-01";"";"179";"右脚";"埃及";"2021-06-30"
"路易斯";"Douglas Luiz Soares de Paulo";"路易斯";"225万英镑";"1998-05-09";"";"178";"右脚";"巴西";"2023-06-30"
"霍里哈恩";"Conor Hourihane";"侯利夏尼";"585万英镑";"1991-02-02";"62";"181";"左脚";"爱尔兰";"2020-06-30"
"韦斯里";"Wesley Moraes Ferreira Da Silva";"韋斯里";"1800万英镑";"1996-11-26";"";"191";"右脚";"巴西";"2023-06-30"
"戴维斯";"Keinan Davis";"戴維斯";"180万英镑";"1998-02-13";"";"178";"右脚";"英格兰";"2020-06-30"
"弗兰克.兰帕德";"Frank Lampard";"林柏特";"0万英镑";"1978-06-20";"78";"184";"双脚";"英格兰";"2016-12-31"
"维尔弗雷德·丹尼尔·卡巴列罗";"Wilfredo Caballero";"卡巴尼路";"90万英镑";"1981-09-28";"83";"186";"右脚";"阿根廷、西班牙";"2020-06-30"
"凯帕";"Kepa Arrizabalaga Revuelta";"基帕";"5400万英镑";"1994-10-03";"";"186";"右脚";"西班牙";"2025-06-30"
"库尔特.祖玛";"Kurt Zouma";"蘇馬";"2250万英镑";"1994-10-27";"85";"190";"右脚";"法国、中非共和国";"2023-06-30"
"塞萨尔.阿兹皮利库埃塔";"Caesar Azpilicueta";"艾斯派古達";"3150万英镑";"1989-08-28";"70";"178";"右脚";"西班牙";"2022-06-30"
"马科斯·阿隆索";"Marcos Alonso";"馬高斯阿朗素";"3600万英镑";"1990-12-28";"85";"188";"左脚";"西班牙";"2023-06-30"
"艾玛森";"Emerson Palmieri dos Santos";"艾馬臣";"1350万英镑";"1994-08-03";"63";"175";"左脚";"意大利、巴西";"2022-06-30"
"里斯詹姆斯";"Reece James";"尼爾斯占士";"0万英镑";"1999-12-08";"72";"175";"右脚";"英格兰";"2019-05-31"
"鲁迪格";"Antonio Rudiger";"A.魯迪加";"4500万英镑";"1993-03-03";"85";"190";"右脚";"德国、塞拉利昂";"2022-06-30"
"菲卡约.托莫里";"Fikayo Tomori";"F.托摹尼";"630万英镑";"1997-12-19";"";"185";"右脚";"英格兰、加拿大";"2021-06-30"
"安德雷斯.克里斯滕森";"Andreas Christensen";"A.基斯頓臣";"2700万英镑";"1996-04-10";"";"188";"右脚";"丹麦";"2022-06-30"
"伊恩·马特森";"Ian Maatsen";"I.馬特森";"万英镑";"2002-03-10";"";"";"";"荷兰";""
"罗斯·巴克利";"Ross Barkley";"羅斯巴克利";"2700万英镑";"1993-12-05";"76";"185";"右脚";"英格兰";"2023-06-30"
"威廉.达席尔瓦";"Willian Borges da Silva";"韋利安";"3600万英镑";"1988-08-09";"70";"175";"右脚";"巴西";"2020-06-30"
"马特森";"Dalian Maatsen";"D.馬特臣";"11.3万英镑";"1994-01-02";"68";"180";"";"荷兰";"2019-06-30"
"坎特";"Ngolo Kante";"簡迪";"9000万英镑";"1991-03-29";"70";"168";"右脚";"法国、马里";"2023-06-30"
"马特奥·科瓦西奇";"Mateo Kovacic";"高華錫";"3150万英镑";"1994-05-06";"65";"177";"右脚";"克罗地亚";"2024-06-30"
"佩德罗·罗德里格斯·莱德斯马";"Pedro Rodriguez Ledesma Pedrito";"柏度";"1800万英镑";"1987-07-28";"64";"167";"双脚";"西班牙";"2020-06-30"
"洛夫图斯-奇克";"Ruben Loftus Cheek";"路夫斯卓克";"2700万英镑";"1996-01-23";"";"191";"右脚";"英格兰、牙买加";"2024-06-30"
"克里斯蒂安.普里希奇";"Christian Pulisic";"普列錫";"5400万英镑";"1998-09-18";"";"172";"右脚";"美国、克罗地亚";"2024-06-30"
"若日尼奥";"Jorge Luiz Frello Filho，Jorginho";"佐真奴費路";"5850万英镑";"1991-12-20";"";"180";"右脚";"意大利、巴西";"2023-06-30"
"马尔科.范金克尔";"Marco van Ginkel";"雲真高";"900万英镑";"1992-12-01";"67";"186";"右脚";"荷兰";"2020-06-30"
"梅森·芒特";"Mason Mount";"美臣莫特";"1080万英镑";"1999-01-10";"";"178";"右脚";"英格兰";"2024-06-30"
"哈德森-奥多伊";"Callum Hudson-Odoi";"赫臣奧度爾";"3150万英镑";"2000-11-07";"";"177";"右脚";"英格兰、加纳";"2020-06-30"
"塔里克·兰普蒂";"Tariq Lamptey";"T.蘭普蒂";"万英镑";"2000-09-30";"";"";"";"英格兰";""
"奥利维尔·吉鲁";"Olivier Giroud";"基奧特";"1350万英镑";"1986-09-30";"88";"193";"左脚";"法国";"2020-06-30"
"米查·巴舒亚伊";"Michy Batshuayi";"巴舒亞爾";"2700万英镑";"1993-10-02";"78";"184";"右脚";"比利时、刚果民主共和国";"2021-06-30"
"塔米-亚伯拉罕";"Tammy Abraham";"譚美阿巴謙";"1800万英镑";"1997-10-02";"";"190";"右脚";"英格兰、尼日利亚";"2022-06-30"
"尤尔根·克洛普";"Jurgen Klopp";"高普";"万英镑";"1967-06-16";"83";"191";"";"德国";"2018-06-30"
"安迪·洛纳根";"Andy Lonergan";"朗拿根";"22.5万英镑";"1983-10-19";"87";"193";"左脚";"英格兰、爱尔兰";"2019-06-30"
"阿利松.贝克尔";"Alisson Becker";"艾利臣碧卡";"7200万英镑";"1992-10-02";"91";"191";"右脚";"巴西、德国";"2024-06-30"
"C.阿德里安";"Adrian San Miguel del Castillo";"C.阿祖安";"315万英镑";"1987-01-03";"77";"190";"右脚";"西班牙";"2021-06-30"
"曹明.凯莱赫";"Caoimhin Kelleher";"曹明.凱萊赫";"45万英镑";"1998-11-23";"";"180";"";"爱尔兰";""
"J.马蒂普";"Joel Matip";"馬迪普";"2700万英镑";"1991-08-08";"89";"195";"右脚";"喀麦隆、德国";"2020-06-30"
"纳塔涅尔·克莱因";"Nathaniel Clyne";"基連";"1080万英镑";"1991-04-05";"67";"175";"右脚";"英格兰、格瑞那达";"2020-06-30"
"维吉尔.范迪克";"Virgil van Dijk";"雲迪克";"8100万英镑";"1991-07-08";"";"193";"右脚";"荷兰、苏利南共和国";"2023-06-30"
"C.琼斯";"Curtis Jones";"C.莊斯";"万英镑";"2000-01-30";"";"";"";"英格兰";""
"德扬·洛夫伦";"Dejan Lovren";"洛夫雲";"1800万英镑";"1989-07-05";"84";"188";"右脚";"克罗地亚";"2021-06-30"
"安德鲁.罗伯森";"Andrew Robertson";"安祖羅拔臣";"5400万英镑";"1994-03-11";"64";"178";"左脚";"苏格兰";"2024-06-30"
"韦利亚";"Pedro Chirivella";"捷利維拿";"万英镑";"1997-05-23";"";"";"";"西班牙";""
"特伦.阿诺德";"Trent Arnold";"T.艾洛特";"7200万英镑";"1998-10-07";"";"180";"右脚";"英格兰";"2024-06-30"
"T.加拉赫";"Tony Gallacher";"T.加拉赫";"12.8万英镑";"1999-07-23";"";"173";"";"苏格兰";""
"J.戈麦斯";"Joseph Gomez";"祖爾高美斯";"3150万英镑";"1997-05-23";"";"188";"右脚";"英格兰、冈比亚";"2024-06-30"
"布拉特.维本";"Sepp Van Den Berg";"布拉特.维本";"180万英镑";"2001-12-20";"";"189";"";"荷兰";"2020-06-30"
"基加纳·赫沃尔";"Ki-Jana Hoever";"赫沃爾";"360万英镑";"2002-01-18";"";"";"右脚";"荷兰";""
"亚瑟·拉若斯";"Yasser Larouci";"亞瑟·拉若斯";"万英镑";"2001-01-01";"";"";"";"法国";""
"威廉姆斯";"Neco Williams";"威廉姆斯";"万英镑";"2001-04-13";"";"";"";"威尔士";""
"希尔曼";"Thomas Hillman";"希爾曼";"万英镑";"2000-11-20";"";"";"";"英格兰";""
"詹姆斯·米尔纳";"James Milner";"占士米拿";"1350万英镑";"1986-01-04";"70";"175";"右脚";"英格兰";"2020-06-30"
"乔丹·亨德森";"Jodan Henderson";"轩達臣";"3150万英镑";"1990-06-17";"67";"187";"右脚";"英格兰";"2023-06-30"
"沙奇里";"Xherdan Shaqiri";"沙基利";"2250万英镑";"1991-10-10";"61";"169";"左脚";"瑞士、科索沃";"2023-06-30"
"南野拓実";"Takumi Minamino";"南野拓實";"1125万英镑";"1995-01-16";"67";"174";"右脚";"日本";"2021-06-30"
"张伯伦";"Alex Oxlade-Chamberlain";"奧斯利張伯倫";"3150万英镑";"1993-08-15";"73";"175";"右脚";"英格兰、牙买加";"2022-06-30"
"法比尼奥";"Fabio Henrique Tavares,Fabinho";"F.費賓奴";"4500万英镑";"1993-10-23";"80";"188";"右脚";"巴西";"2023-06-30"
"萨拉赫.加利";"Mohamed Salah Ghaly";"沙拿";"13500万英镑";"1992-06-15";"69";"175";"左脚";"埃及";"2023-06-30"
"维纳尔杜姆";"Georginio Wijnaldum";"韋拿度姆";"4500万英镑";"1990-11-11";"69";"175";"右脚";"荷兰、苏利南共和国";"2021-06-30"
"亚当·拉拉纳";"Adam Lallana";"拉蘭拿";"1350万英镑";"1988-05-10";"73";"172";"双脚";"英格兰";"2020-06-30"
"萨迪奥.马内";"Sadio Mane";"沙迪奧文尼";"10800万英镑";"1992-04-10";"75";"174";"右脚";"塞内加尔";"2023-06-30"
"凯塔";"Naby Keita";"拿比基達";"5400万英镑";"1995-02-10";"";"172";"右脚";"几内亚";"2023-06-30"
"积克贝亚恩";"Jack Bearne";"積克貝亞恩";"万英镑";"2001-09-15";"";"";"";"英格兰";""
"菲尔米诺";"Roberto Firmino Barbosa de Oliveira";"羅拔圖費明奴";"7200万英镑";"1991-10-02";"74";"181";"右脚";"巴西";"2023-06-30"
"D.奥里吉";"Divock Origi";"奧歷基";"1800万英镑";"1995-04-18";"75";"185";"右脚";"比利时、肯尼亚";"2020-06-30"
"瓜迪奥拉";"Josep Guardiola";"哥迪奧拿";"万英镑";"1971-01-18";"73";"180";"";"西班牙";"2016-06-30"
"埃德松·桑塔纳·德·莫赖斯";"Ederson Santana de Moraes";"艾達臣";"6300万英镑";"1993-08-17";"89";"188";"左脚";"巴西、葡萄牙";"2025-06-30"
"斯科特·卡尔森";"Scott Carson";"史葛卡臣";"180万英镑";"1985-09-03";"85";"188";"右脚";"英格兰";"2020-05-31"
"布拉沃";"Claudio Andres Bravo Munoz";"C.巴拉禾";"225万英镑";"1983-04-13";"84";"184";"右脚";"智利、西班牙";"2020-06-30"
"凯利·沃尔克";"Kyle Walker";"基爾獲加";"4500万英镑";"1990-05-28";"73";"183";"右脚";"英格兰";"2024-06-30"
"约翰.斯通斯";"John Stones";"史東斯";"5400万英镑";"1994-05-28";"75";"188";"右脚";"英格兰";"2022-06-30"
"埃梅里克.拉波尔特";"Aymeric Laporte";"拿樸迪";"6750万英镑";"1994-05-27";"85";"191";"左脚";"法国、西班牙";"2025-06-30"
"安吉利诺";"Jose Angel Esmoris Tasende,Angelino";"安祖連奴";"1440万英镑";"1997-01-04";"68";"175";"左脚";"西班牙";"2023-06-30"
"奥塔门迪";"Nicolas Hernan Gonzalo Otamendi";"奧達文迪";"2250万英镑";"1988-02-12";"82";"183";"右脚";"阿根廷";"2022-06-30"
"亚历山大·津琴科";"Olexandr Zinchenko";"仙真高";"1800万英镑";"1996-12-15";"";"175";"左脚";"乌克兰";"2024-06-30"
"本杰明·门迪";"Benjamin Mendy";"B.文迪";"3150万英镑";"1994-07-17";"75";"185";"左脚";"法国、塞内加尔";"2023-06-30"
"若奥·坎塞洛";"Jo&#227;o Cancelo";"J.卡些路";"4950万英镑";"1994-05-27";"66";"182";"右脚";"葡萄牙";"2025-06-30"
"泰勒.贝利斯";"Taylor Harwood-Bellis";"泰勒.貝利斯";"万英镑";"2002-01-30";"";"179";"";"英格兰";""
"阿尔法·迪翁库";"Alpha Richard Diounkou Tecagne";"艾菲哈迪安高";"万英镑";"2001-10-10";"";"183";"";"塞内加尔";""
"戴维德·吉米内斯·席尔瓦";"David Jimenez Silva";"大衛施華";"1800万英镑";"1986-01-08";"67";"170";"左脚";"西班牙";"2020-06-30"
"伊尔凯-京多安";"Ilkay Gundogan";"根杜簡";"4500万英镑";"1990-10-24";"78";"180";"右脚";"德国";"2023-06-30"
"拉希姆·斯特林";"Raheem Sterling";"史特寧";"12600万英镑";"1994-12-08";"69";"170";"右脚";"英格兰、牙买加";"2023-06-30"
"F.费尔南迪尼奥";"Fernando Luis Roza, Fernandinho";"F.費南甸奴";"1080万英镑";"1985-05-04";"67";"179";"右脚";"巴西";"2020-06-30"
"马赫雷斯";"Riyad Mahrez";"馬列斯";"5400万英镑";"1991-02-21";"62";"179";"左脚";"阿尔及利亚、法国";"2023-06-30"
"勒鲁瓦.萨内";"Leroy Sane";"利萊辛尼";"9000万英镑";"1996-01-11";"68";"184";"左脚";"德国、法国";"2021-06-30"
"伯纳多.席尔瓦";"Bernardo Mota Veiga de Carvalho e Silva";"貝拿度施華";"9000万英镑";"1994-08-10";"";"173";"左脚";"葡萄牙、法国";"2025-06-30"
"凯文·德布劳内";"Kevin De Bruyne";"迪布尼";"11700万英镑";"1991-06-28";"68";"181";"右脚";"比利时";"2023-06-30"
"罗德里";"Rodrigo Hernandez";"洛迪.靴南迪斯";"7200万英镑";"1996-06-22";"";"191";"右脚";"西班牙";"2024-06-30"
"菲尔·福登";"Phil Foden";"菲爾福登";"2250万英镑";"2000-05-28";"";"171";"左脚";"英格兰";"2024-06-30"
"塞尔吉奥·阿圭罗";"Sergio Leonel Kun Aguero";"阿古路";"5850万英镑";"1988-06-02";"74";"173";"右脚";"阿根廷、西班牙";"2021-06-30"
"加布里埃尔.热苏斯";"Gabriel Fernando de Jesus";"加比爾謝薩斯";"6300万英镑";"1997-04-03";"73";"175";"右脚";"巴西";"2023-06-30"
"奥尔·冈纳尔·索尔斯克亚";"Ole Gunnar Solskjaer";"蘇斯克查";"万英镑";"1973-02-26";"74";"175";"";"挪威";""
"大卫·德赫亚";"David De Gea Quintana";"迪基亞";"5850万英镑";"1990-11-07";"82";"189";"右脚";"西班牙";"2020-06-30"
"李.格兰特";"Lee Grant";"李爾格蘭";"67.5万英镑";"1983-01-27";"83";"193";"右脚";"英格兰";"2020-06-30"
"塞尔吉奥.罗梅罗";"Sergio German Romero";"沙治奧羅美路";"315万英镑";"1987-02-22";"86";"192";"右脚";"阿根廷、意大利";"2021-06-30"
"菲尔.琼斯";"Phil Jones";"菲爾鍾斯";"1800万英镑";"1992-02-21";"70";"185";"右脚";"英格兰";"2023-06-30"
"林德洛夫";"Victor Nilsson-Lindelof";"連迪路夫";"3150万英镑";"1994-07-17";"72";"187";"右脚";"瑞典";"2021-06-30"
"卢克.肖";"Luke Shaw";"路基梳爾";"2700万英镑";"1995-07-12";"75";"181";"左脚";"英格兰";"2023-06-30"
"罗霍";"Marcos Faustino Rojo";"洛祖";"1080万英镑";"1990-03-20";"80";"186";"左脚";"阿根廷";"2021-06-30"
"拜利";"Eric Bertrand Bailly";"艾歷拜尼";"2250万英镑";"1994-04-12";"";"187";"右脚";"科特迪瓦";"2020-06-30"
"哈里.马奎尔";"Harry Maguire";"哈利馬古尼";"4500万英镑";"1993-03-05";"78";"194";"右脚";"英格兰";"2025-06-30"
"阿尔塞克.图安泽比";"Axel Tuanzebe";"杜安薛比";"630万英镑";"1997-11-14";"";"184";"右脚";"英格兰";"2022-06-30"
"卡梅伦.杰克逊";"Cameron Borthwick Jackson";"C·傑克遜";"90万英镑";"1997-02-02";"";"189";"左脚";"英格兰";"2020-05-31"
"福苏门萨";"Timothy Fosu-Mensah";"科素文沙";"630万英镑";"1998-01-02";"";"190";"右脚";"荷兰、加纳";"2020-06-30"
"万比萨卡";"Aaron Wan-Bissaka";"雲比薩卡";"3150万英镑";"1997-11-26";"";"183";"右脚";"英格兰";"2024-06-30"
"达洛特";"Diogo Dalot";"達洛特";"1800万英镑";"1999-03-18";"";"183";"右脚";"葡萄牙";"2023-06-30"
"伊顿赖亚特";"Ethan Laird";"伊頓賴亞特";"万英镑";"2001-08-05";"";"";"";"英格兰";""
"B.威廉姆斯";"Brandon Williams";"B.威廉姆斯";"万英镑";"2000-09-03";"";"";"";"英格兰";""
"保罗·博格巴";"Paul Pogba";"保羅普巴";"9000万英镑";"1993-03-15";"73";"191";"双脚";"法国、几内亚";"2021-06-30"
"弗雷德";"Frederico Rodrigues Santos";"R.費特";"2700万英镑";"1993-03-05";"";"169";"左脚";"巴西";"2023-06-30"
"马夏尔";"Anthony Martial";"馬迪爾";"5400万英镑";"1995-12-05";"76";"183";"右脚";"法国、瓜德罗普";"2024-06-30"
"内曼贾·马蒂奇";"Nemanja Matic";"馬迪";"2700万英镑";"1988-08-01";"82";"194";"左脚";"塞尔维亚、斯洛伐克";"2020-06-30"
"胡安·马塔";"Juan Manuel Mata Garcia";"馬達";"1800万英镑";"1988-04-28";"63";"170";"左脚";"西班牙";"2021-06-30"
"安德烈亚斯.佩雷拉";"Andreas Hugo Hoelgebaum Pereira";"安祖斯彭利拿";"900万英镑";"1996-01-01";"";"178";"右脚";"巴西、比利时";"2023-06-30"
"林加德";"Jesse Lingard";"連加特";"3600万英镑";"1992-12-15";"58";"174";"右脚";"英格兰";"2021-06-30"
"麦克托米奈";"Scott Mctominay";"麥湯米尼";"1080万英镑";"1996-12-08";"";"193";"右脚";"苏格兰、英格兰";"2023-06-30"
"钟塔西";"Tahith Chong";"鍾塔西";"万英镑";"1999-12-04";"";"";"";"荷兰、库拉索";""
"丹尼尔·詹姆斯";"Daniel James";"丹尼爾占士";"1080万英镑";"1997-11-10";"68";"170";"右脚";"威尔士、英格兰";"2024-06-30"
"马库斯.拉什福德";"Marcus Rashford";"拉舒福特";"7200万英镑";"1997-10-31";"70";"185";"右脚";"英格兰";"2023-06-30"
"梅森.格林伍德";"Mason Greenwood";"M.格林伍德";"630万英镑";"2001-10-01";"";"181";"";"英格兰";""
"拉马萨尼";"Largie Ramazani";"拉馬薩尼";"万英镑";"2001-02-27";"";"";"";"比利时";""
"史蒂夫·布鲁斯";"Stephen Roger Bruce";"布魯斯";"万英镑";"1960-12-31";"83";"184";"";"英格兰";""
"罗伯特.埃略特";"Robert Elliot";"R. 艾利洛";"90万英镑";"1986-04-30";"98";"190";"左脚";"爱尔兰、英格兰";"2020-06-30"
"卡尔.达尔洛";"Karl Darlow";"達亞路維";"315万英镑";"1990-10-08";"79";"190";"右脚";"英格兰、威尔士";"2020-06-30"
"马丁.杜拉夫克";"Martin Dubravka";"杜貝利基";"630万英镑";"1989-01-15";"74";"191";"右脚";"斯洛伐克";"2022-06-30"
"西亚兰.克拉克";"Ciaran Clark";"卡蘭奇勒";"540万英镑";"1989-09-26";"69";"188";"左脚";"爱尔兰、英格兰";"2021-06-30"
"杰特罗·威廉姆斯";"Jetro Willems";"積祖威廉斯";"450万英镑";"1994-03-30";"66";"169";"左脚";"荷兰、库拉索";"2020-06-30"
"法比安.沙尔";"Fabian Schar";"舒亞";"720万英镑";"1991-12-20";"85";"186";"右脚";"瑞士";"2021-06-30"
"弗洛里.勒琼";"Florian Lejeune";"利祖尼";"720万英镑";"1991-05-20";"81";"190";"右脚";"法国";"2022-06-30"
"保罗.杜米特";"Paul Dummett";"杜美特";"450万英镑";"1991-09-26";"62";"183";"左脚";"威尔士、英格兰";"2022-06-30"
"曼奎洛";"Javier Manquillo Gaitan";"文基路";"450万英镑";"1994-05-05";"62";"178";"右脚";"西班牙";"2020-06-30"
"迪安德雷.耶德林";"DeAndre Yedlin";"耶迪連";"720万英镑";"1993-07-09";"173";"173";"右脚";"美国、拉脱维亚";"2021-06-30"
"费尔南德斯";"Federico Fernandez";"F.費蘭迪斯";"630万英镑";"1989-02-21";"83";"190";"右脚";"阿根廷、意大利";"2020-06-30"
"贾马尔.拉舍莱斯";"Jamaal Lascelles";"J.拉斯利斯";"1350万英镑";"1993-11-11";"83";"188";"右脚";"英格兰";"2024-06-30"
"克拉夫斯";"Emil Krafth";"卡拉夫";"225万英镑";"1994-08-02";"79";"184";"右脚";"瑞典";"2023-06-30"
"约乔·谢尔维";"Jonjo Shelvey";"舒爾維";"1350万英镑";"1992-02-27";"70";"184";"右脚";"英格兰";"2021-06-30"
"马特.里奇";"Matt Ritchie";"馬特列治";"1080万英镑";"1989-09-10";"71";"173";"左脚";"苏格兰、英格兰";"2021-06-30"
"阿苏";"Christian Twasam Atsu";"泰華森";"540万英镑";"1992-01-10";"68";"165";"左脚";"加纳";"2021-06-30"
"杰克.科尔贝克";"Jack Colback";"高爾碧克";"270万英镑";"1989-10-24";"72";"177";"左脚";"英格兰";"2020-06-30"
"寄诚庸";"Sung-Yueng Ki";"寄誠庸";"540万英镑";"1989-01-24";"79";"186";"右脚";"韩国";"2020-06-30"
"罗兰多.阿隆斯";"Rolando Aarons";"羅蘭度艾朗斯";"45万英镑";"1995-11-16";"67";"178";"左脚";"英格兰、牙买加";"2021-06-30"
"罗杰拉";"Miguel Angel Almiron Rejala";"艾米朗";"1800万英镑";"1994-02-10";"";"174";"左脚";"巴拉圭";"2024-06-30"
"麦希敏";"Allan Saint-Maximin";"聖麥斯文";"2250万英镑";"1997-03-12";"78";"173";"右脚";"法国、瓜德罗普";"2025-06-30"
"伊萨克.海登";"Isaac Hayden";"希頓";"720万英镑";"1995-03-22";"";"186";"右脚";"英格兰、牙买加";"2021-06-30"
"肖恩.朗斯塔夫";"Sean Longstaff";"S.朗塔夫";"630万英镑";"1997-10-30";"";"181";"右脚";"英格兰";"2022-06-30"
"亨利.萨维特";"Henri Saivet";"沙維特";"90万英镑";"1990-10-26";"73";"175";"右脚";"塞内加尔、法国";"2021-06-30"
"L.卡斯";"Lewis Cass";"L.卡斯";"万英镑";"2000-02-27";"";"";"";"英格兰";""
"德怀特.盖尔";"Dwight Gayle";"迪維特基利";"1350万英镑";"1990-10-17";"73";"177";"右脚";"英格兰、牙买加";"2021-06-30"
"安德鲁·卡罗尔";"Andrew Carroll";"安祖卡奴爾";"720万英镑";"1989-01-06";"65";"193";"左脚";"英格兰";"2020-06-30"
"武藤嘉纪";"Yoshinori Muto";"武藤嘉紀";"810万英镑";"1992-07-15";"72";"178";"右脚";"日本";"2022-06-30"
"若埃林顿";"Joelinton Cassio Apolinario de Lira";"祖連頓";"3150万英镑";"1996-08-14";"";"186";"右脚";"巴西";"2025-06-30"
"哈森许特尔";"Ralph Hasenhuttl";"哈森许特尔";"万英镑";"1967-08-09";"92";"191";"";"奥地利";""
"阿莱士.麦卡锡";"Alex McCarthy";"A.麥卡菲";"450万英镑";"1989-12-03";"79";"193";"右脚";"英格兰、爱尔兰";"2022-06-30"
"安格斯根尼";"Angus Gunn";"A.古安";"900万英镑";"1996-01-22";"77";"196";"右脚";"英格兰、苏格兰";"2023-06-30"
"哈里·列易斯";"Harry Lewis";"夏利李維士";"0万英镑";"1997-12-20";"";"191";"";"英格兰";"2018-05-31"
"吉田麻也";"Maya Yoshida";"吉田麻也";"630万英镑";"1988-08-24";"80";"189";"右脚";"日本";"2020-06-30"
"史蒂芬斯";"Jack Stephens";"積克史提芬斯";"720万英镑";"1994-01-27";"75";"185";"右脚";"英格兰";"2022-06-30"
"赖恩.伯特朗";"Ryan Bertrand";"貝查特";"1350万英镑";"1989-08-05";"85";"179";"左脚";"英格兰";"2021-06-30"
"S.昆恩";"Sam McQueen";"麥昆";"90万英镑";"1995-02-06";"72";"181";"左脚";"英格兰";"2021-06-30"
"J.贝德纳雷克";"Jan Bednarek";"J.貝德納雷克";"1350万英镑";"1996-04-12";"77";"189";"右脚";"波兰";"2022-06-30"
"塞德里克.苏亚雷斯";"Cedric Ricardo Alves Soares";"施迪蘇亞雷斯";"1080万英镑";"1991-08-31";"65";"171";"右脚";"葡萄牙、德国";"2020-06-30"
"K.丹素";"Kevin Danso";"奇雲丹素";"720万英镑";"1998-09-19";"";"190";"右脚";"奥地利、加纳";"2020-06-30"
"J.维斯特加德";"Janick Vestergaard";"維斯達加特";"1800万英镑";"1992-08-03";"96";"199";"双脚";"丹麦、德国";"2022-06-30"
"威廉";"William Smallbone";"威廉";"万英镑";"2000-02-21";"";"";"";"英格兰";""
"Y.华利尼";"Yan Valery";"Y.華利尼";"630万英镑";"1999-02-22";"";"180";"右脚";"法国、突尼斯";"2023-06-30"
"沃德.普劳斯";"James Ward Prowse";"禾特普羅斯";"1620万英镑";"1994-11-01";"65";"177";"右脚";"英格兰";"2022-06-30"
"保法尔";"Sofiane Boufal";"保法爾";"1080万英镑";"1993-09-17";"60";"175";"右脚";"摩洛哥、法国";"2021-06-30"
"皮埃尔.霍伊别尔格";"Pierre Emile Hojbjerg";"賀爾比格";"1350万英镑";"1995-08-05";"75";"185";"右脚";"丹麦、法国";"2021-06-30"
"奥利奥尔.罗梅乌";"Oriol Romeu Vidal";"羅美奧";"900万英镑";"1991-09-24";"82";"183";"右脚";"西班牙";"2021-06-30"
"阿姆斯特朗";"Stuart Armstrong";"史超活岩士唐";"720万英镑";"1992-03-30";"";"183";"右脚";"苏格兰";"2022-06-30"
"纳森.雷德蒙德";"Nathan Redmond";"列蒙特";"1800万英镑";"1994-03-06";"75";"173";"右脚";"英格兰、爱尔兰";"2023-06-30"
"穆萨";"Moussa Djenepo";"穆萨";"1080万英镑";"1998-06-15";"";"177";"右脚";"马里";"2023-06-30"
"斯拉特里";"Callum Slattery";"斯拉達利";"万英镑";"1999-02-08";"";"";"";"英格兰";""
"威尔·斯莫尔伯恩";"Will Smallbone";"W.斯莫爾伯恩";"万英镑";"2000-02-21";"";"163";"";"英格兰";""
"丹尼.英斯";"Danny Ings";"恩格斯";"1350万英镑";"1992-07-23";"73";"178";"右脚";"英格兰";"2022-06-30"
"肖恩.朗";"Shane Long";"朗治";"630万英镑";"1987-01-22";"81";"180";"双脚";"爱尔兰";"2020-06-30"
"艾登遜";"Che Adams";"艾登逊";"630万英镑";"1996-07-13";"";"179";"右脚";"英格兰、安提瓜和巴布达";"2024-06-30"
"M.奥巴费米";"Michael Obafemi";"M.奧巴福美";"90万英镑";"2000-07-06";"";"170";"右脚";"爱尔兰、尼日利亚";"2022-06-30"
"卡洛·安切洛蒂";"Carlo Ancelotti";"安察洛堤";"万英镑";"1959-06-10";"71";"179";"";"意大利";""
"J.罗西";"Jonas Lossl";"J.羅西";"450万英镑";"1989-02-01";"89";"195";"右脚";"丹麦";"2022-06-30"
"皮克福德";"Jordan Pickford";"J.比克福特";"3600万英镑";"1994-03-07";"77";"185";"左脚";"英格兰";"2024-06-30"
"马滕·斯特克伦博格";"Maarten Stekelenburg";"史迪基蘭堡";"90万英镑";"1982-09-22";"84";"197";"右脚";"荷兰";"2020-06-30"
"莱顿·巴恩斯";"Leighton Baines";"拜尼斯";"315万英镑";"1984-12-11";"74";"170";"左脚";"英格兰";"2020-06-30"
"塞穆斯.科尔曼";"Seamus Coleman";"S.高利文";"1350万英镑";"1988-10-11";"67";"177";"右脚";"爱尔兰";"2022-06-30"
"吉布西迪贝";"Djibril Sidibe";"吉布西迪貝";"1350万英镑";"1992-07-29";"71";"182";"右脚";"法国、马里";"2020-06-30"
"C.马天拿";"Cuco Martina";"古高馬天拿";"135万英镑";"1989-09-25";"72";"185";"右脚";"库拉索、荷兰";"2020-06-30"
"迈克尔·基尼";"Michael Vincent Keane";"米高堅尼";"2700万英镑";"1993-01-11";"70";"191";"右脚";"英格兰、爱尔兰";"2022-06-30"
"卢卡斯.迪涅";"Lucas Digne";"迪治尼";"2700万英镑";"1993-07-20";"74";"178";"左脚";"法国";"2023-06-30"
"耶里-米纳";"Yerry Fernando Mina Gonzalez";"耶利文拿";"2250万英镑";"1994-09-23";"75";"195";"右脚";"哥伦比亚";"2023-06-30"
"梅森.霍尔盖特";"Mason Holgate";"賀基治";"630万英镑";"1996-10-22";"63";"184";"右脚";"英格兰、牙买加";"2022-06-30"
"蒂奥·沃尔科特";"Theo Walcott";"華確特";"1620万英镑";"1989-03-16";"66";"176";"双脚";"英格兰";"2021-06-30"
"吉尔维·波尔·西古德森";"Gylfi Sigurdsson";"施古臣";"3150万英镑";"1989-09-08";"77";"186";"右脚";"冰岛";"2022-06-30"
"法比安.德尔菲";"Fabian Delph";"戴菲";"1350万英镑";"1989-11-21";"60";"174";"左脚";"英格兰、圭亚那";"2022-06-30"
"莫甘·施内德林";"Morgan Schneiderlin";"舒尼達連";"1350万英镑";"1989-11-08";"75";"181";"右脚";"法国";"2021-06-30"
"J.葛巴明";"Jean-Philippe Gbamin";"J.巴明";"2520万英镑";"1995-09-25";"83";"186";"右脚";"法国、法国";"2024-06-30"
"阿历克斯.伊沃比";"Alex Iwobi";"艾禾比";"2250万英镑";"1996-05-03";"";"180";"右脚";"尼日利亚、英格兰";"2024-06-30"
"伯纳德";"Bernard Anicio Caldeira Duarte";"比拿特";"1800万英镑";"1992-09-08";"";"166";"右脚";"巴西、西班牙";"2022-06-30"
"理查尔利逊";"Richarlison de Andrade";"李察利遜";"4500万英镑";"1997-05-10";"71";"179";"右脚";"巴西";"2023-06-30"
"汤姆.戴维斯";"Tom Davies";"湯戴維斯";"1350万英镑";"1998-06-30";"";"180";"右脚";"英格兰";"2023-06-30"
"安德烈.戈麦斯";"Andre Filipe Tavares Gomes";"安祖高美斯";"2520万英镑";"1993-07-30";"83";"188";"右脚";"葡萄牙";"2024-06-30"
"安东尼.戈登";"Anthony Gordon";"安东尼.戈登";"万英镑";"2001-02-24";"";"";"";"英格兰";""
"奥马尔.尼亚塞";"Oumar Niasse";"奧馬尼亞斯";"540万英镑";"1990-04-18";"75";"182";"右脚";"塞内加尔";"2020-06-30"
"卡尔沃特.列文";"Dominic Calvert-Lewin";"卡華特利雲";"1800万英镑";"1997-03-16";"";"176";"右脚";"英格兰";"2023-06-30"
"莫伊斯.基恩";"Moise Keane";"莫伊斯.基恩";"3600万英镑";"2000-02-28";"";"183";"右脚";"意大利";"2024-06-30"
"穆里尼奥";"Jose Mourinho";"摩連奴";"万英镑";"1963-01-26";"";"179";"";"葡萄牙";""
"米歇尔·沃尔姆";"Michel Vorm";"禾姆";"90万英镑";"1983-10-20";"86";"183";"右脚";"荷兰、苏利南共和国";"2019-06-30"
"加扎尼加";"Paulo Gazzaniga";"加薩利加";"180万英镑";"1992-01-02";"90";"195";"右脚";"阿根廷、意大利";"2022-06-30"
"胡戈·洛里斯";"Hugo Lloris";"羅里斯";"2250万英镑";"1986-12-26";"78";"188";"左脚";"法国";"2022-06-30"
"维尔通亨";"Jan Vertonghen";"維頓漢";"2520万英镑";"1987-04-24";"79";"189";"左脚";"比利时";"2020-06-30"
"本·戴维斯";"Ben Davies";"賓戴維斯";"2250万英镑";"1993-04-24";"67";"181";"左脚";"威尔士";"2024-06-30"
"丹尼.罗斯";"Danny Rose";"丹尼羅斯";"2250万英镑";"1990-07-02";"75";"173";"左脚";"英格兰、牙买加";"2021-06-30"
"奥里耶";"Serge Aurier";"沙治奧利亞";"1620万英镑";"1992-12-24";"75";"176";"右脚";"科特迪瓦、法国";"2022-06-30"
"阿尔德维尔德";"Toby Alderweireld";"艾達韋列特";"3600万英镑";"1989-03-02";"81";"186";"右脚";"比利时";"2020-06-30"
"K.皮特斯";"Kyle Walker-Peters";"獲加比達斯";"315万英镑";"1997-04-13";"";"173";"右脚";"英格兰";"2023-06-30"
"达维森.桑切斯";"Davinson Sanchez Mina";"戴雲遜山齊士";"4950万英镑";"1996-06-12";"";"187";"右脚";"哥伦比亚";"2024-06-30"
"胡安.福伊特";"Juan Foyth";"J.弗伊斯";"1350万英镑";"1998-01-12";"79";"187";"右脚";"阿根廷、西班牙";"2022-06-30"
"穆萨.西索科";"Moussa Sissoko";"莫沙施素高";"2250万英镑";"1989-08-16";"83";"187";"右脚";"法国、马里";"2021-06-30"
"M.卢卡斯";"Lucas Rodrigues Moura, Marcelinho";"盧卡斯摩拉";"3600万英镑";"1992-08-13";"66";"172";"右脚";"巴西";"2024-06-30"
"万亚马";"Victor Wanyama";"雲耶馬";"1800万英镑";"1991-06-25";"80";"184";"右脚";"肯尼亚";"2021-06-30"
"埃里克·迪尔";"Eric Dier";"艾歷迪亞";"3600万英镑";"1994-01-15";"63";"188";"右脚";"英格兰、葡萄牙";"2021-06-30"
"克里斯蒂安·埃里克森";"Christian Eriksen";"C.艾歷臣";"9000万英镑";"1992-02-14";"71";"182";"双脚";"丹麦";"2020-06-30"
"埃里克·拉梅拉";"Erik Lamela";"拉美拿";"1620万英镑";"1992-03-04";"70";"184";"左脚";"阿根廷、西班牙";"2022-06-30"
"戴勒·阿里";"Bamidele Alli";"迪利艾里";"8100万英镑";"1996-04-11";"";"188";"右脚";"英格兰、尼日利亚";"2024-06-30"
"哈利-温克斯";"Harry Winks";"雲克斯";"2250万英镑";"1996-02-02";"";"178";"右脚";"英格兰";"2024-06-30"
"孙兴民";"Son Heung Min";"孫興民";"7200万英镑";"1992-07-08";"70";"184";"双脚";"韩国";"2023-06-30"
"吉奥瓦尼.洛.塞尔索";"Giovani Lo Celso";"G.塞爾索";"4500万英镑";"1996-04-09";"68";"177";"左脚";"阿根廷、意大利";"2020-06-30"
"坦盖伊-恩东贝莱";"Tanguy Ndombele Alvaro";"尼當比利";"5850万英镑";"1996-12-28";"";"181";"右脚";"法国、刚果民主共和国";"2025-06-30"
"瑞恩塞塞尼翁";"Ryan Sessegnon";"賴恩薛斯隆";"3150万英镑";"2000-05-18";"";"178";"左脚";"英格兰";"2025-06-30"
"费尔南德斯";"Gedson Carvalho Fernandes";"根特臣費南迪斯";"1350万英镑";"1999-01-09";"";"184";"右脚";"葡萄牙";"2023-06-30"
"奥利弗.斯皮普";"Oliver Skipp";"奥利弗.斯皮普";"450万英镑";"2000-09-16";"";"175";"右脚";"英格兰";"2021-06-30"
"哈里.凯恩";"Harry Kane";"夏利卡尼";"13500万英镑";"1993-07-28";"65";"188";"右脚";"英格兰";"2024-06-30"
"丹尼尔.法克";"Daniel Farke";"丹尼爾法克";"万英镑";"1976-10-30";"";"";"";"德国";""
"法尔曼";"Ralf Fahrmann";"化曼";"450万英镑";"1988-09-27";"89";"196";"右脚";"德国";"2020-06-30"
"蒂姆·克鲁尔";"Tim Krul";"添古爾";"270万英镑";"1988-04-03";"75";"193";"左脚";"荷兰";"2022-06-30"
"麦高文";"Michael McGovern";"麥高雲";"31.5万英镑";"1984-07-12";"89";"190";"右脚";"北爱尔兰";"2021-06-30"
"克里斯托夫.齐默尔曼";"Christoph Zimmermann";"克里斯托夫.齊默爾曼";"315万英镑";"1993-01-12";"";"194";"右脚";"德国";"2023-06-30"
"格兰特·汉利";"Grant Hanley";"G.漢利";"270万英镑";"1991-11-20";"76";"188";"右脚";"苏格兰";"2023-06-30"
"蒂姆.克洛泽";"Timm Klose";"T.高路斯";"270万英镑";"1988-05-09";"86";"195";"右脚";"瑞士、德国";"2022-06-30"
"山姆.布拉姆";"Sam Byram";"森拜林";"315万英镑";"1993-09-16";"75";"183";"右脚";"英格兰";"2023-06-30"
"本.戈弗雷";"Ben Godfrey";"B.格弗雷";"540万英镑";"1998-01-15";"";"183";"右脚";"英格兰";"2023-06-30"
"贾马尔刘易斯";"Jamal Lewis";"賈馬爾劉易斯";"450万英镑";"1998-01-25";"";"";"左脚";"北爱尔兰、英格兰";"2023-06-30"
"布什里";"Rocky Bushiri Kiranga";"布什裏";"108万英镑";"1999-11-30";"";"187";"右脚";"比利时";"2020-05-31"
"马克西米利.安亚伦斯";"Maximillian Aarons";"马克西米利.安亚伦斯";"720万英镑";"2000-01-04";"";"178";"右脚";"英格兰";"2024-06-30"
"肯尼.麦克莱恩";"Kenny Mclean";"簡尼麥連恩";"135万英镑";"1992-01-08";"";"180";"左脚";"苏格兰";"2021-06-30"
"马里奥-弗兰契奇";"Mario Vrancic";"M.華蘭錫";"315万英镑";"1989-05-23";"77";"187";"左脚";"波黑、德国";"2021-06-30"
"亚历桑德·特泰";"Alexander Tettey";"A.泰迪";"180万英镑";"1986-04-04";"68";"181";"右脚";"挪威、加纳";"2020-06-30"
"埃尔南德斯";"Onel Hernandez";"奧奴靴南德斯";"360万英镑";"1993-02-01";"69";"172";"右脚";"古巴、德国";"2023-06-30"
"伊布拉希姆·丁加利";"Ibrahim Amadou";"艾馬杜";"630万英镑";"1993-04-06";"81";"183";"右脚";"法国、喀麦隆";"2020-06-30"
"莫雷特斯.莱特纳";"Moritz Leitner";"M.利特拿";"135万英镑";"1992-12-08";"65";"174";"右脚";"德国、奥地利";"2022-06-30"
"本.马素尔";"Ben Marshall";"賓馬素爾";"135万英镑";"1991-03-29";"73";"180";"右脚";"英格兰";"2022-06-30"
"特里布尔";"Tom Trybull";"特利貝爾";"180万英镑";"1993-03-09";"76";"181";"右脚";"德国";"2022-06-30"
"O.杜达";"Ondrej Duda";"O.杜達";"1170万英镑";"1994-12-05";"64";"181";"右脚";"斯洛伐克";"2021-06-30"
"马科·史托奧珀曼";"Marco Stiepermann";"史迪柏文";"315万英镑";"1991-02-09";"83";"190";"左脚";"德国";"2022-06-30"
"埃米利亚诺";"Emiliano Buendia Stati";"布恩迪亞";"720万英镑";"1996-12-25";"";"172";"右脚";"阿根廷、西班牙";"2024-06-30"
"鲁普";"Lukas Rupp";"L.盧普";"270万英镑";"1991-01-08";"64";"178";"右脚";"德国";"2020-06-30"
"法美禾";"Akin Famewo";"法美禾";"2.3万英镑";"1998-11-09";"";"180";"";"英格兰、尼日利亚";"2018-06-30"
"托德坎特";"Todd Cantwell";"托德坎特";"90万英镑";"1998-02-27";"";"177";"右脚";"英格兰";"2022-06-30"
"德尔米奇";"Josip Drmic";"迪米斯";"270万英镑";"1992-08-08";"70";"184";"右脚";"瑞士、克罗地亚";"2022-06-30"
"特姆.普基";"Teemu Pukki";"普基";"540万英镑";"1990-03-29";"67";"180";"右脚";"芬兰";"2022-06-30"
"阿当伊达";"Adam Idah";"阿當伊達";"万英镑";"2001-02-11";"";"";"";"爱尔兰";""
"罗伊·霍奇森";"Roy Hodgson";"鶴臣";"万英镑";"1947-08-09";"0";"0";"";"英格兰";""
"韦恩.亨尼西";"Wayne Hennessey";"軒尼斯";"450万英镑";"1987-01-24";"72";"197";"右脚";"威尔士";"2021-06-30"
"瓜伊塔";"Vicente Guaita Panadero";"古亞達";"450万英镑";"1987-01-10";"80";"190";"右脚";"西班牙";"2021-06-30"
"斯蒂芬·亨德森";"Stephen Henderson";"史堤芬 亨達臣";"45万英镑";"1988-05-02";"87";"188";"右脚";"爱尔兰";"2020-06-30"
"D.亨利";"Dion Henry";"D.亨利";"4.5万英镑";"1997-09-12";"";"192";"";"英格兰";"2019-06-30"
"马丁.凯利";"Martin Kelly";"馬田基利";"270万英镑";"1990-04-27";"77";"191";"右脚";"英格兰";"2021-06-30"
"詹姆斯.汤姆金斯";"James Tomkins";"湯堅斯";"720万英镑";"1989-03-29";"74";"192";"右脚";"英格兰";"2021-06-30"
"加里·卡希尔";"Gary Cahill";"加利卡希爾";"720万英镑";"1985-12-19";"71";"193";"右脚";"英格兰";"2021-06-30"
"帕特里克.范安霍尔特";"Patrick Van Aanholt";"雲安賀特";"900万英镑";"1990-08-29";"67";"176";"左脚";"荷兰、库拉索";"2021-06-30"
"J.沃德";"Joel Ward";"祖爾禾特";"360万英镑";"1989-10-29";"82";"186";"右脚";"英格兰";"2021-06-30"
"玛马杜.萨科";"Mamadou Sakho";"沙高";"1350万英镑";"1990-02-13";"83";"187";"左脚";"法国、塞内加尔";"2021-06-30"
"列迪华特";"Jairo Riedewald";"列迪華特";"450万英镑";"1996-09-09";"";"182";"左脚";"荷兰、苏利南共和国";"2022-06-30"
"斯科特.丹恩";"Scott Dann";"丹恩";"360万英镑";"1987-02-14";"76";"194";"右脚";"英格兰";"2020-06-30"
"S.伍茲";"Sam Woods";"S.伍茲";"万英镑";"1998-09-11";"";"";"";"英格兰";""
"蒂里克·米切尔";"Tyrick Mitchell";"T.米切爾";"万英镑";"1999-09-01";"";"";"";"英格兰";""
"迈耶尔";"Max Meyer";"麥斯美亞";"1350万英镑";"1995-09-18";"69";"173";"右脚";"德国";"2021-06-30"
"杰弗里.施鲁普";"Jeffrey Schlupp";"舒路普";"900万英镑";"1992-12-23";"80";"178";"左脚";"加纳、德国";"2021-06-30"
"汤森德";"Andros Townsend";"安杜斯唐辛";"1350万英镑";"1991-07-16";"76";"181";"左脚";"英格兰";"2021-06-30"
"L.米利沃耶维奇";"Luka Milivojevic";"米利禾積域";"1800万英镑";"1991-04-07";"68";"186";"右脚";"塞尔维亚";"2023-06-30"
"查克哈欧.库亚特";"Cheikhou Kouyate";"高耶迪";"900万英镑";"1989-12-21";"77";"189";"右脚";"塞内加尔、比利时";"2022-06-30"
"威尔弗雷德.扎哈";"Wilfried Zaha";"韋費特沙夏";"4050万英镑";"1992-11-10";"66";"180";"右脚";"科特迪瓦、英格兰";"2023-06-30"
"詹姆斯.麦克阿瑟";"James McArthur";"麥亞杜亞";"630万英镑";"1987-10-07";"64";"178";"双脚";"苏格兰";"2021-06-30"
"詹姆斯-麦卡锡";"Jamie McCarthy";"占士麥卡菲";"450万英镑";"1990-11-12";"72";"180";"右脚";"爱尔兰、苏格兰";"2022-06-30"
"达利";"James Daly";"達利";"0万英镑";"1995-01-09";"";"173";"";"爱尔兰";"2017-01-04"
"克里斯蒂安.本特克";"Christian Benteke";"賓迪基";"1350万英镑";"1990-12-03";"83";"190";"右脚";"比利时、刚果民主共和国";"2020-06-30"
"岑克-托松";"Cenk Tosun";"杜辛";"1350万英镑";"1991-06-07";"78";"183";"右脚";"土耳其、德国";"2022-06-30"
"乔丹·阿尤";"Jordan Ayew";"佐敦阿尤";"720万英镑";"1991-09-11";"80";"182";"右脚";"加纳、法国";"2022-06-30"
"康纳.维克汉姆";"Connor Wickham";"域咸";"270万英镑";"1993-03-31";"73";"189";"右脚";"英格兰、北爱尔兰";"2021-06-30"
"西恩·迪歇";"Sean Dyche";"戴治";"万英镑";"1971-06-28";"84";"183";"";"英格兰";""
"乔.哈特";"Joe Hart";"祖夏特";"540万英镑";"1987-04-19";"80";"196";"右脚";"英格兰";"2020-06-30"
"阿当.莱齐丁斯";"Adam Legzdins";"列斯甸斯";"22.5万英镑";"1986-11-28";"78";"190";"";"英格兰、拉脱维亚";"2020-06-30"
"尼克.波佩";"Nick Pope";"N.樸比";"900万英镑";"1992-04-19";"76";"197";"右脚";"英格兰";"2023-06-30"
"拜利";"Bailey Peacock-Farrell";"拜利";"135万英镑";"1996-10-29";"";"194";"左脚";"北爱尔兰、英格兰";"2023-06-30"
"本.米尔";"Ben Mee";"賓美";"900万英镑";"1989-09-21";"74";"180";"左脚";"英格兰";"2021-06-30"
"马菲.洛顿";"Matthew Lowton";"馬菲盧頓";"450万英镑";"1989-06-09";"78";"180";"右脚";"英格兰";"2021-06-30"
"凯文.隆";"Kevin Long";"奇雲朗治";"225万英镑";"1990-08-18";"83";"188";"右脚";"爱尔兰";"2021-06-30"
"本.吉布森";"Ben Gibson";"賓吉遜";"900万英镑";"1993-01-15";"78";"185";"左脚";"英格兰";"2022-06-30"
"皮特斯";"Erik Pieters";"比達斯";"450万英镑";"1988-08-07";"82";"183";"左脚";"荷兰";"2021-06-30"
"塔科夫斯基";"James Tarkowski";"達高斯基";"1620万英镑";"1992-11-19";"";"185";"右脚";"英格兰、波兰";"2022-06-30"
"菲利普.巴尔兹利";"Phil Bardsley";"巴士利";"135万英镑";"1985-06-28";"73";"180";"右脚";"苏格兰、英格兰";"2020-06-30"
"查理.泰勒";"Charlie Taylor";"查理.泰勒";"630万英镑";"1993-09-18";"70";"176";"左脚";"英格兰";"2021-06-30"
"古德蒙森";"Johann Berg Gudmundsson";"祖漢古蒙臣";"900万英镑";"1990-10-27";"";"186";"左脚";"冰岛";"2021-06-30"
"杰夫.亨德里克";"Jeff Hendrick";"亨特歷克";"900万英镑";"1992-01-31";"79";"185";"右脚";"爱尔兰";"2020-06-30"
"杰克.科克";"Jack Cork";"確克";"1350万英镑";"1989-06-25";"69";"185";"右脚";"英格兰";"2021-06-30"
"阿什利.韦斯特伍德";"Ashley Westwood";"韋斯活";"630万英镑";"1990-04-01";"71";"174";"右脚";"英格兰";"2020-06-30"
"罗比.布拉迪";"Robbie Brady";"羅比白蘭迪";"720万英镑";"1992-01-14";"71";"176";"左脚";"爱尔兰";"2020-06-30"
"阿隆.列农";"Aaron Lennon";"艾朗連儂";"450万英镑";"1987-04-16";"60";"165";"右脚";"英格兰、爱尔兰";"2020-06-30"
"德怀特麦克尼尔";"Dwight Mcneil";"德怀特麦克尼尔";"1350万英镑";"1999-11-22";"";"";"";"英格兰";"2023-06-30"
"马克·古德里齐";"Mace Goodridge";"M.古德里齊";"万英镑";"1999-09-13";"";"";"";"英格兰";""
"贾伊·罗德里格斯";"Jay Rodriguez";"積洛迪古斯";"900万英镑";"1989-07-29";"70";"185";"右脚";"英格兰、西班牙";"2021-06-30"
"马捷-维德拉";"Matej Vydra";"維特拉";"720万英镑";"1992-05-01";"";"180";"右脚";"捷克";"2021-06-30"
"阿什利.巴恩斯";"Ashley Barnes";"艾殊利班尼斯";"900万英镑";"1989-10-30";"77";"186";"右脚";"英格兰";"2021-06-30"
"克里斯.伍德";"Chris Wood";"基斯活特";"1620万英镑";"1991-12-07";"80";"191";"右脚";"新西兰";"2021-06-30"
"克里斯·怀尔德";"Chris Wilder";"懷爾德";"万英镑";"1967-09-23";"79";"180";"";"英格兰";""
"西蒙·摩尔";"Simon Moore";"西蒙摩亞";"31.5万英镑";"1990-05-19";"77";"191";"右脚";"英格兰";"2021-06-30"
"M.威尔贝斯";"Michael Verrips";"M.偉列普斯";"135万英镑";"1996-12-03";"68";"196";"右脚";"荷兰";"2023-06-30"
"D.亨德森";"Dean Henderson";"D·亨德森";"225万英镑";"1997-03-12";"";"188";"";"英格兰";"2020-05-31"
"菲尔·贾吉尔卡";"Phil Jagielka";"查積爾卡";"90万英镑";"1982-08-17";"83";"180";"右脚";"英格兰、波兰";"2020-06-30"
"克里斯·巴沙姆";"Chris Basham";"基斯巴斯咸";"90万英镑";"1988-07-20";"79";"190";"右脚";"英格兰";"2021-06-30"
"杰克.科尼尔";"Jack OConnell";"J.奥康内尔";"585万英镑";"1994-03-29";"";"191";"左脚";"英格兰";"2023-06-30"
"约翰·埃根";"John Egan";"J.艾根";"495万英镑";"1992-10-20";"";"185";"右脚";"爱尔兰";"2022-06-30"
"恩达.史蒂文斯";"Enda Stevens";"恩達史提芬斯";"315万英镑";"1990-07-09";"78";"183";"左脚";"爱尔兰";"2022-06-30"
"基兰.弗里曼";"Kieran Freeman";"K.費特文";"135万英镑";"1992-03-21";"";"178";"右脚";"威尔士、英格兰";"2020-06-30"
"乔治·巴尔多克";"George Baldock";"佐治巴鐸克";"90万英镑";"1993-01-26";"";"178";"右脚";"英格兰";"2020-06-30"
"基恩·布莱恩";"Kean Bryan";"K.布萊恩";"22.5万英镑";"1996-11-01";"";"185";"左脚";"英格兰、牙买加";"2021-06-30"
"J.伊斯特伍德";"Jake Eastwood";"J.伊斯特伍德";"9万英镑";"1996-10-03";"";"";"";"英格兰";"2020-06-30"
"杰克·罗德威尔";"Jack Rodwell";"魯迪威爾";"135万英镑";"1991-03-11";"70";"188";"右脚";"英格兰";"2019-06-30"
"约翰.弗莱克";"John Fleck";"約翰費歷克";"450万英镑";"1991-08-24";"72";"169";"左脚";"苏格兰";"2021-06-30"
"霍尔梅斯";"Ricky Holmes";"R.荷姆斯";"31.5万英镑";"1987-06-20";"75";"188";"双脚";"英格兰";"2020-06-30"
"卡鲁姆.罗宾逊";"Callum Robinson";"C.羅賓遜";"405万英镑";"1995-02-02";"68";"178";"右脚";"爱尔兰、英格兰";"2023-06-30"
"伦德斯特拉姆";"John Lundstram";"莊臣隆特史南";"45万英镑";"1994-02-18";"";"181";"左脚";"英格兰";"2020-06-30"
"本·奥斯本";"Ben Osborne";"本·奧斯本";"270万英镑";"1994-08-05";"";"176";"左脚";"英格兰";"2022-06-30"
"拉威尔.莫里森";"Ravel Morrison";"拿華摩利遜";"27万英镑";"1993-02-02";"71";"175";"右脚";"牙买加、英格兰";"2020-06-30"
"卢克.弗里曼";"Luke Freeman";"L.費特文";"315万英镑";"1992-03-22";"";"176";"左脚";"英格兰";"2022-06-30"
"奥利维尔·诺尔伍德";"Oliver Norwood";"O.羅活";"450万英镑";"1991-04-12";"71";"175";"右脚";"北爱尔兰、英格兰";"2021-06-30"
"M.贝西奇";"Muhamed Besic";"M.比錫";"450万英镑";"1992-09-10";"75";"180";"右脚";"波黑、德国";"2020-05-31"
"比利·夏普";"Billy Sharp";"比利沙柏";"225万英镑";"1986-02-05";"69";"175";"右脚";"英格兰";"2021-06-30"
"莱昂·克拉克";"Leon Clarke";"李昂奇勒";"45万英镑";"1985-02-10";"90";"188";"右脚";"英格兰";"2020-06-30"
"赖慕斯";"Lys Mousset";"莫錫";"315万英镑";"1996-02-08";"";"184";"右脚";"法国、塞内加尔";"2022-06-30"
"M.奥利华";"Oliver McBurnie";"麥般尼";"720万英镑";"1996-06-04";"";"188";"右脚";"苏格兰、英格兰";"2023-06-30"
"D.马科里克";"David McGoldrick";"D.馬科裏克";"180万英镑";"1987-11-29";"";"184";"右脚";"爱尔兰、英格兰";"2021-06-30"
"努诺";"Nuno Herlander Simoes Espirito Santo";"紐奴";"万英镑";"1974-01-25";"75";"188";"";"葡萄牙";""
"约翰.鲁迪";"John Ruddy";"約翰胡迪";"270万英镑";"1986-10-24";"97";"192";"左脚";"英格兰";"2020-06-30"
"鲁伊.帕特里西奥";"Rui Pedro dos Santos Patricio";"雷柏迪斯奧";"1800万英镑";"1988-02-15";"84";"190";"左脚";"葡萄牙";"2022-06-30"
"哈利伯戈因";"Harry Burgoyne";"哈利伯戈因";"18万英镑";"1996-12-28";"";"193";"右脚";"英格兰";"2020-06-30"
"桑德加德";"Andreas Sondergaard";"桑德加德";"万英镑";"2001-01-17";"";"";"";"丹麦";""
"威利.博利";"Willy Boly";"韋利保尼";"1080万英镑";"1991-02-03";"81";"195";"右脚";"法国、科特迪瓦";"2021-06-30"
"奥托";"Jonathan Castro Otto, Jonny";"奥托";"1800万英镑";"1994-03-03";"70";"175";"双脚";"西班牙";"2023-06-30"
"赖恩.本内特";"Ryan Bennett";"賴恩賓尼特";"630万英镑";"1990-03-06";"69";"188";"右脚";"英格兰";"2021-06-30"
"多赫蒂";"Matt Doherty";"M.杜靴迪";"1350万英镑";"1992-01-16";"73";"186";"右脚";"爱尔兰";"2023-06-30"
"奥福苏-阿耶赫";"Phil Ofosu-Ayeh";"P.艾耶";"27万英镑";"1991-09-15";"77";"181";"右脚";"加纳、德国";"2020-06-30"
"奥斯卡.布尔";"Oskar Buur";"奧斯卡.布爾";"8.5万英镑";"1998-03-31";"";"178";"";"丹麦";"2017-06-30"
"赫苏斯-巴列霍";"Jesus Vallejo Lazaro";"謝薩斯華利祖";"900万英镑";"1997-01-05";"";"184";"右脚";"西班牙";"2020-06-30"
"科阿迪";"Conor Coady";"C.高迪";"900万英镑";"1993-02-25";"73";"185";"右脚";"英格兰";"2023-06-30"
"西万.德斯兰德";"Sylvain Deslandes";"西萬·德斯蘭德";"9万英镑";"1997-04-25";"";"190";"左脚";"法国、喀麦隆";"2018-06-30"
"鲁本维纳格雷";"Ruben Vinagre";"鲁本维纳格雷";"630万英镑";"1999-04-09";"";"174";"左脚";"葡萄牙";"2024-06-30"
"马克思.基尔曼";"Max Kilman";"馬克思.基爾曼";"0万英镑";"1997-05-23";"";"";"左脚";"英格兰";"2020-06-30"
"L.理查德森";"Lewis Richards";"L.理查德森";"万英镑";"2001-10-15";"";"";"";"英格兰";""
"若奥.穆蒂尼奥";"Joao Filipe Iria Santos Moutinho";"摩天奴";"900万英镑";"1986-09-08";"61";"170";"右脚";"葡萄牙";"2020-06-30"
"杨明阳";"Mingyang Yang";"楊明陽";"22.5万英镑";"1995-07-11";"68";"172";"右脚";"瑞士、中国";"2018-06-30"
"R.赛斯";"Romain Saiss";"R.賽斯";"450万英镑";"1990-03-26";"76";"188";"右脚";"摩洛哥、法国";"2021-06-30"
"L.登东克尔";"Leander Dendoncker";"L.登東克爾";"1620万英镑";"1995-04-15";"";"188";"右脚";"比利时";"2019-06-30"
"阿达玛迪亚拉";"Adama Traore Diarra";"艾達馬泰奧利";"1350万英镑";"1996-01-25";"";"178";"右脚";"西班牙、马里";"2023-06-30"
"布鲁诺.若当";"Bruno Jordao";"布鲁诺.若当";"90万英镑";"1998-10-12";"";"180";"右脚";"葡萄牙";"2024-06-30"
"摩根.吉布斯";"Morgan Gibbs White";"摩根.吉布斯";"720万英镑";"2000-01-27";"";"171";"右脚";"英格兰";"2022-06-30"
"佩德罗内托";"Pedro Neto";"柏度尼圖";"225万英镑";"2000-03-09";"";"172";"左脚";"葡萄牙";"2024-06-30"
"迭戈";"Diego Joto";"迪奧高祖達";"3150万英镑";"1996-12-04";"";"178";"右脚";"葡萄牙";"2022-06-30"
"鲁本.内维斯";"Ruben Neves";"魯賓利維斯";"4050万英镑";"1997-03-13";"71";"180";"右脚";"葡萄牙";"2023-06-30"
"伯纳德·阿什利";"Bernard Patrick Ashley Sea";"B.施利";"万英镑";"1998-11-21";"";"";"";"英格兰";""
"瑞安.吉尔斯";"Ryan John Giles";"瑞安.吉爾斯";"0万英镑";"2000-01-26";"";"179";"";"英格兰";"2020-05-31"
"卢克·昆德尔";"Luke James Cundle";"L.昆德爾";"万英镑";"2002-04-26";"";"183";"";"英格兰";""
"劳尔·希门尼斯";"Raul Alonso Jimenez Rodriguez";"魯爾占美尼斯";"3150万英镑";"1991-05-05";"75";"188";"右脚";"墨西哥";"2023-06-30"
"尼格尔.皮尔森";"Nigel Pearson";"N.皮爾臣";"万英镑";"1963-08-21";"78";"185";"";"英格兰";""
"本·福斯特";"Ben Foster";"賓科士打";"270万英镑";"1983-04-03";"89";"193";"右脚";"英格兰";"2020-06-30"
"戈麦斯";"Heurelho da Silva Gomes";"H.高美斯";"90万英镑";"1981-02-15";"91";"191";"右脚";"巴西";"2020-06-30"
"丹尼尔.巴赫曼";"Daniel Bachmann";"丹尼巴治文";"45万英镑";"1994-07-09";"";"191";"右脚";"奥地利";"2020-06-30"
"庞达尔伯格";"Pontus Dahlberg";"P.戴爾堡";"90万英镑";"1999-01-21";"";"195";"";"瑞典";"2023-06-30"
"克拉格·卡斯卡特";"Craig Cathcart";"卡夫卡特";"450万英镑";"1989-02-06";"73";"189";"右脚";"北爱尔兰";"2023-06-30"
"霍莱巴斯";"Jose Cholevas Holebas";"賀利巴斯";"180万英镑";"1984-06-27";"79";"184";"左脚";"希腊、德国";"2020-06-30"
"弗朗西斯科.菲门尼亚";"Francisco Femenia Far, Kiko";"傑高費文尼亞";"450万英镑";"1991-02-02";"61";"171";"右脚";"西班牙";"2021-06-30"
"普罗多尔";"Sebastian Prodl";"普特爾";"315万英镑";"1987-06-21";"85";"194";"右脚";"奥地利";"2021-06-30"
"卡巴塞莱";"Christian Kabasele";"卡巴斯利";"720万英镑";"1991-02-24";"82";"187";"右脚";"比利时、刚果民主共和国";"2021-06-30"
"亚当·马西纳";"Adam Masina";"麥西拿";"630万英镑";"1994-01-02";"";"191";"左脚";"意大利、摩洛哥";"2023-06-30"
"扬马特";"Daryl Janmaat";"真馬特";"540万英镑";"1989-07-22";"82";"185";"右脚";"荷兰";"2020-06-30"
"克莱格·道森";"Craig Dawson";"卡歷當臣";"540万英镑";"1990-05-06";"78";"188";"右脚";"英格兰";"2023-06-30"
"齐格拉尔";"Marvin Zeegelaar";"馬雲施格拿亞";"225万英镑";"1990-08-12";"81";"186";"左脚";"荷兰、苏利南共和国";"2021-06-30"
"阿德里安·马里亚帕";"Adrian Mariappa";"馬里亞柏";"270万英镑";"1986-10-03";"81";"179";"右脚";"牙买加、英格兰";"2020-06-30"
"卡普埃";"Etienne Capoue";"卡普爾";"720万英镑";"1988-07-11";"75";"189";"右脚";"法国、瓜德罗普";"2022-06-30"
"罗伯托.佩雷拉";"Roberto Maximiliano Pereyra";"佩雷拉";"1170万英镑";"1991-01-07";"75";"182";"双脚";"阿根廷";"2021-06-30"
"威尔·休斯";"Will Hughes";"W.曉士";"1620万英镑";"1995-04-17";"";"185";"左脚";"英格兰";"2022-06-30"
"杜库雷";"Abdoulaye Doucoure";"杜哥尼";"2250万英镑";"1993-01-01";"69";"183";"右脚";"法国、马里";"2023-06-30"
"普赛托";"Ignacio Pussetto";"普錫圖";"720万英镑";"1995-12-21";"";"180";"右脚";"阿根廷、意大利";"2023-06-30"
"德乌罗费乌";"Gerard Deulofeu";"迪路菲奧";"2250万英镑";"1994-03-13";"70";"177";"右脚";"西班牙";"2023-06-30"
"S.伊萨克.费尔南德斯.维拉";"Success Isaac";"艾錫瑟薩斯";"450万英镑";"1996-01-07";"";"182";"右脚";"尼日利亚";"2023-06-30"
"汤姆·克莱弗利";"Tom Cleverley";"奇華利";"630万英镑";"1989-08-12";"67";"175";"右脚";"英格兰";"2022-06-30"
"伊斯梅拉-萨尔";"Ismaila Sarr";"I.沙亞";"2700万英镑";"1998-02-25";"";"185";"右脚";"塞内加尔";"2024-06-30"
"纳特哈尼尔.查洛巴赫";"Nathaniel Chalobah";"查路巴";"630万英镑";"1994-12-12";"75";"185";"右脚";"英格兰、塞拉利昂";"2022-06-30"
"多明戈斯奎纳";"Domingos Quina";"杜明古斯堅拿";"450万英镑";"1999-11-18";"";"173";"右脚";"葡萄牙、几内亚比绍";"2022-06-30"
"阿约巴希尔";"Ayotomiwa Dele Bashiru";"阿约巴希尔";"13.5万英镑";"1999-09-17";"";"179";"";"尼日利亚、英格兰";"2025-06-30"
"图伊·迪尼";"Troy Deeney";"托爾甸尼";"900万英镑";"1988-06-29";"70";"184";"右脚";"英格兰、牙买加";"2021-06-30"
"丹尼.维尔贝克";"Danny Welbeck";"韋碧克";"1080万英镑";"1990-11-26";"69";"185";"右脚";"英格兰、加纳";"2022-06-30"
"A.格雷";"Andre Gray";"安祖格雷";"1350万英镑";"1991-06-26";"";"178";"右脚";"英格兰、牙买加";"2022-06-30"
"若奥.佩德罗";"Joao Pedro";"J.費達斯";"万英镑";"1998-06-24";"";"";"";"东帝汶";""
"罗杰斯";"Brendan Rodgers";"班頓羅渣士";"万英镑";"1973-01-26";"";"";"";"爱尔兰";""
"卡斯帕·舒梅切尔";"Kasper Schmeichel";"K.舒米高";"1080万英镑";"1986-11-05";"78";"189";"右脚";"丹麦";"2023-06-30"
"贾普科维奇";"Eldin Jakupovic";"查古普域";"67.5万英镑";"1984-10-02";"87";"191";"右脚";"瑞士、波黑";"2020-06-30"
"丹尼沃德";"Danny Ward";"丹尼華特";"720万英镑";"1993-06-22";"88";"191";"右脚";"威尔士";"2022-06-30"
"约翰尼·埃文斯";"Jonny Evans";"莊尼伊雲斯";"900万英镑";"1988-01-03";"77";"188";"双脚";"北爱尔兰";"2021-06-30"
"克里斯蒂安·富克斯";"Christian Fuchs";"C.富克斯";"270万英镑";"1986-04-07";"80";"187";"左脚";"奥地利";"2020-06-30"
"里卡多.佩雷拉";"Ricardo Domingos Barbosa Pereira";"列卡度彭利拿";"2250万英镑";"1993-10-06";"70";"175";"右脚";"葡萄牙、佛得角";"2023-06-30"
"韦斯.莫甘";"Wes Morgan";"韋斯摩根";"180万英镑";"1984-01-21";"94";"186";"右脚";"牙买加、英格兰";"2020-06-30"
"卡格拉尔·瑟因居";"Caglar Soyuncu";"蘇恩古";"1350万英镑";"1996-05-23";"80";"187";"右脚";"土耳其";"2023-06-30"
"菲利普.贝戈维奇";"Filip Benkovic";"菲利普.比高域";"990万英镑";"1997-07-13";"";"194";"右脚";"克罗地亚";"2023-06-30"
"B.施威勒";"Benjamin Chilwell";"捷維爾";"3150万英镑";"1996-12-21";"";"178";"左脚";"英格兰";"2024-06-30"
"贾斯汀.詹姆斯";"James Justin";"賈斯汀.詹姆斯";"360万英镑";"1998-02-23";"";"183";"右脚";"英格兰";"2024-06-30"
"马修.詹姆斯";"Matthew James";"馬菲占士";"135万英镑";"1991-07-22";"73";"181";"右脚";"英格兰";"2022-06-30"
"纳姆帕里斯.曼迪";"Nampalys Mendy";"N.文迪";"720万英镑";"1992-06-23";"68";"167";"右脚";"法国、塞内加尔";"2020-06-30"
"尤里.蒂莱曼斯";"Youri Tielemans";"泰利文斯";"3420万英镑";"1997-05-07";"72";"176";"右脚";"比利时、刚果民主共和国";"2023-06-30"
"格里";"Demarai Gray";"迪馬利格雷";"1800万英镑";"1996-06-28";"";"180";"右脚";"英格兰、牙买加";"2021-06-30"
"丹尼尔.阿马泰";"Daniel Amartey";"艾馬迪";"630万英镑";"1994-12-21";"76";"186";"右脚";"加纳";"2022-06-30"
"马科·阿尔布莱顿";"Marc Albrighton";"艾拜頓";"900万英镑";"1989-11-18";"66";"175";"右脚";"英格兰";"2022-06-30"
"詹姆斯·麦迪逊";"James Maddison";"占士麥迪遜";"3600万英镑";"1996-11-23";"";"175";"右脚";"英格兰";"2023-06-30"
"恩迪迪";"Wilfred Onyinye Ndidi";"尼迪迪";"3150万英镑";"1996-12-16";"";"183";"右脚";"尼日利亚";"2024-06-30"
"普莱特";"Dennis Praet";"丹尼斯派特";"2160万英镑";"1994-05-14";"70";"181";"右脚";"比利时";"2024-06-30"
"哈姆萨-查奥哈里";"Hamza Choudhury";"祖靴里";"450万英镑";"1997-10-01";"";"178";"";"英格兰、孟加拉国";"2022-06-30"
"卡普斯特卡";"Bartosz Kapustka";"卡普斯卡";"225万英镑";"1996-12-23";"60";"179";"右脚";"波兰";"2021-06-30"
"哈维.巴尼斯";"Harvey Barnes";"哈维.巴尼斯";"1080万英镑";"1997-12-09";"";"180";"右脚";"英格兰";"2024-06-30"
"杰米.瓦尔迪";"Jamie Vardy";"華迪";"1800万英镑";"1987-01-11";"76";"179";"右脚";"英格兰";"2022-06-30"
"阿约塞.佩雷斯";"Ayoze Perez";"艾約斯皮里斯";"1800万英镑";"1993-07-29";"68";"178";"右脚";"西班牙";"2023-06-30"
"伊希纳乔";"Kelechi Iheanacho";"伊恩拿祖";"1080万英镑";"1996-10-03";"71";"185";"左脚";"尼日利亚";"2022-06-30"
"格雷厄姆.波特";"Graham Potter";"格雷厄姆·波特";"万英镑";"1975-05-20";"";"";"";"英格兰";""
"大卫.布顿";"David Button";"大衛畢頓";"135万英镑";"1989-02-27";"82";"191";"右脚";"英格兰";"2021-06-30"
"贾森.斯蒂尔";"Jason STEELE";"史迪爾";"67.5万英镑";"1990-08-18";"79";"188";"右脚";"英格兰";"2021-06-30"
"瑞恩";"Mathew Ryan";"賴因梅菲";"900万英镑";"1992-04-08";"73";"184";"右脚";"澳大利亚、英格兰";"2022-06-30"
"刘易斯.邓克";"Lewis Dunk";"李維士鄧克";"1080万英镑";"1991-11-21";"88";"192";"右脚";"英格兰";"2023-06-30"
"巴洛贡";"Leon Aderemi Balogun";"利安巴路根";"180万英镑";"1988-06-28";"81";"190";"右脚";"尼日利亚、德国";"2020-06-30"
"马丁.蒙托亚.伊.托拉尔伯";"Martin Montoya Torralbo";"馬田蒙度亞";"720万英镑";"1991-04-14";"74";"175";"右脚";"西班牙";"2022-06-30"
"加唐.博格";"Gaetan Bong";"G.邦治";"180万英镑";"1988-04-25";"74";"183";"左脚";"喀麦隆、法国";"2020-06-30"
"丹.布恩";"Dan Burn";"丹般恩";"270万英镑";"1992-05-09";"80";"201";"右脚";"英格兰";"2022-06-30"
"肖恩.杜菲";"Shane Duffy";"S.杜菲";"1080万英镑";"1992-01-01";"81";"193";"右脚";"爱尔兰、北爱尔兰";"2023-06-30"
"费尔南德斯";"Bernardo Fernandes da Silva Junior";"貝拿度費南迪斯";"810万英镑";"1995-05-14";"";"186";"左脚";"巴西";"2022-06-30"
"A.韦斯达";"Adam Webster";"阿當韋斯達";"810万英镑";"1995-01-04";"";"190";"右脚";"英格兰";"2023-06-30"
"谢洛托";"Ezequiel Matias Schelotto";"舒捷洛圖";"270万英镑";"1989-05-23";"69";"187";"右脚";"意大利、阿根廷";"2020-06-30"
"D.布洛佩尔";"Davy Propper";"普柏";"1350万英镑";"1991-09-02";"72";"185";"右脚";"荷兰";"2021-06-30"
"帕斯卡尔.格罗斯";"Pascal Gross";"P.哥路保";"900万英镑";"1991-06-15";"72";"181";"右脚";"德国";"2022-06-30"
"穆伊";"Aaron Mooy";"A.摩爾";"1260万英镑";"1990-09-15";"";"179";"右脚";"澳大利亚、荷兰";"2020-05-31"
"所罗门.马奇";"Solomon March";"蘇尼馬治";"720万英镑";"1994-07-20";"";"180";"左脚";"英格兰";"2022-06-30"
"戴尔.史蒂芬斯";"Dale Stephens";"戴利史提芬斯";"540万英镑";"1989-12-12";"72";"185";"右脚";"英格兰";"2021-06-30"
"泽.伊兹奎埃多";"Jose Heriberto Izquierdo Mena";"伊斯古亞度";"900万英镑";"1992-07-07";"";"171";"右脚";"哥伦比亚";"2021-06-30"
"L.特拉萨尔";"Leandro Trossard";"L.杜沙特";"1440万英镑";"1994-12-04";"70";"172";"右脚";"比利时";"2023-06-30"
"阿汉纳池";"Soufyan Ahannach";"阿漢納池";"45万英镑";"1995-09-09";"72";"173";"右脚";"荷兰、摩洛哥";"2020-06-30"
"阿尔扎特";"Steven Alzate";"阿爾紮特";"万英镑";"1998-09-08";"";"";"";"英格兰";""
"Y.比斯苏马";"Yves Bissouma";"Y.比斯蘇馬";"1350万英镑";"1996-08-30";"";"182";"右脚";"马里";"2023-06-30"
"布里亚姆.卡亚尔";"Baram Kayal";"B.卡耶";"135万英镑";"1988-05-02";"";"178";"右脚";"以色列";"2020-05-31"
"阿里雷扎.贾汗巴克什";"Alireza Jahanbakhsh";"查漢巴殊";"1350万英镑";"1993-08-11";"74";"180";"右脚";"伊朗";"2023-06-30"
"尼尔莫柏尔";"Neal Maupay";"N.瑪帕亞";"1080万英镑";"1996-08-14";"69";"173";"右脚";"法国、阿根廷";"2021-06-30"
"格伦.默里";"Glenn Murray";"格倫梅利";"270万英镑";"1983-09-25";"80";"186";"右脚";"英格兰";"2020-06-30"
"康诺利";"Aaron Anthony Connolly";"A.康諾利";"万英镑";"2000-01-28";"";"";"";"爱尔兰";""
"戴维·莫耶斯";"David Moyes";"摩耶斯";"万英镑";"1963-04-25";"0";"0";"";"苏格兰";""
"罗伯托";"Roberto Jimenez Gago";"J.羅拔圖";"135万英镑";"1986-02-10";"82";"192";"右脚";"西班牙";"2021-06-30"
"卢卡斯·法比安斯基";"Lukasz Fabianski";"法比安斯基";"450万英镑";"1985-04-18";"84";"190";"右脚";"波兰";"2021-06-30"
"戴维德·马丁";"David Martin";"大衛馬田";"22.5万英镑";"1986-01-22";"86";"188";"";"英格兰";"2021-06-30"
"达伦.兰多夫";"Darren Randolph";"D.蘭杜夫";"405万英镑";"1987-05-12";"98";"187";"右脚";"爱尔兰、美国";"2021-06-30"
"保罗·萨巴莱塔";"Pablo Javier Zabaleta";"沙巴列達";"315万英镑";"1985-01-16";"74";"176";"右脚";"阿根廷、西班牙";"2020-06-30"
"温斯顿.里德";"Winston Reid";"雲斯頓列特";"450万英镑";"1988-07-03";"87";"191";"右脚";"新西兰、丹麦";"2023-06-30"
"阿隆·克雷斯维尔";"Aaron Cresswell";"艾朗基士維";"900万英镑";"1989-12-15";"66";"170";"左脚";"英格兰";"2021-06-30"
"安杰洛·奥邦纳";"Angelo Obinze Ogbonna";"奧邦拿";"720万英镑";"1988-05-23";"86";"191";"左脚";"意大利、尼日利亚";"2022-06-30"
"马苏库";"Fuka Arthur Masuaku";"马苏库";"630万英镑";"1993-11-07";"";"179";"左脚";"刚果民主共和国、法国";"2024-06-30"
"雷恩.弗雷德里克斯";"Ryan Fredericks";"賴恩費特歷斯";"450万英镑";"1992-10-10";"80";"181";"右脚";"英格兰、圭亚那";"2022-06-30"
"法比安.巴布埃纳";"Fabian Cornelio Balbuena Gonzalez";"巴貝拿";"1080万英镑";"1991-08-23";"82";"188";"右脚";"巴拉圭";"2021-06-30"
"伊萨.迪奥普";"Issa Diop";"I.迪奧普";"3150万英镑";"1997-01-09";"";"194";"右脚";"法国、塞内加尔";"2023-06-30"
"卡洛卡多佐";"Goncalo Cardoso";"卡洛卡多佐";"225万英镑";"2000-10-21";"";"189";"左脚";"葡萄牙";"2024-06-30"
"迈克尔·安东尼奥";"Michail Antonio";"米查爾安東尼奧";"1350万英镑";"1990-03-28";"81";"180";"右脚";"英格兰、牙买加";"2021-06-30"
"马克.诺贝尔";"Mark Noble";"馬克盧保";"630万英镑";"1987-05-08";"70";"180";"右脚";"英格兰、爱尔兰";"2021-06-30"
"杰克·威尔谢尔";"Jack Wilshere";"韋舒亞";"900万英镑";"1992-01-01";"70";"172";"左脚";"英格兰";"2021-06-30"
"F.安德森";"Felipe Anderson Pereira Gomes";"菲臘比安達臣";"3600万英镑";"1993-04-15";"66";"175";"右脚";"巴西";"2022-06-30"
"安德里.亚尔莫连科";"Andriy Yarmolenko";"耶莫蘭高";"1800万英镑";"1989-10-23";"72";"190";"左脚";"乌克兰";"2022-06-30"
"M·兰齐尼";"Manuel Lanzini";"蘭仙尼";"1800万英镑";"1993-02-15";"64";"167";"右脚";"阿根廷、意大利";"2020-06-30"
"巴勃罗.弗纳尔斯";"Pablo Fornals";"科奴斯";"2250万英镑";"1996-02-22";"";"178";"右脚";"西班牙";"2024-06-30"
"德克兰米";"Declan Rice";"D.懷斯";"4050万英镑";"1999-01-14";"";"185";"右脚";"英格兰、爱尔兰";"2024-06-30"
"罗伯特·斯诺格拉斯";"Robert Snodgrass";"辛迪加斯";"630万英镑";"1987-09-07";"77";"182";"左脚";"苏格兰";"2021-06-30"
"卡洛斯.桑切斯";"Carlos Sanchez Moreno";"卡路士山齊斯";"135万英镑";"1986-02-06";"82";"182";"左脚";"哥伦比亚";"2020-06-30"
"约瑟夫.阿南";"Joseph Anang";"约瑟夫.阿南";"万英镑";"";"";"";"";"英格兰";""
"阿尔布";"Albian Ajeti";"阿尔布";"630万英镑";"1997-02-26";"78";"183";"右脚";"瑞士、阿尔巴尼亚";"2023-06-30"
"塞巴斯蒂安·哈勒";"Sebastien Haller";"S.靴拿";"3600万英镑";"1994-06-22";"75";"190";"右脚";"法国、科特迪瓦";"2024-06-30"
"伊德迪尔.霍威";"Eddie Howe";"賀維";"万英镑";"1977-11-29";"76";"178";"";"英格兰";"2018-06-30"
"博鲁克";"Artur Boruc";"保路錫";"90万英镑";"1980-02-20";"85";"193";"右脚";"波兰";"2020-06-30"
"拉姆斯戴尔";"Aaron Ramsdale";"拉姆斯戴爾";"67.5万英镑";"1998-05-14";"";"188";"右脚";"英格兰";"2021-06-30"
"马克.特拉维斯";"Mark Travers";"M.特拉維斯";"22.5万英镑";"1999-05-18";"";"178";"";"爱尔兰";""
"斯蒂芬·库克";"Steve Cook";"史提夫曲克";"900万英镑";"1991-04-19";"82";"185";"右脚";"英格兰";"2021-06-30"
"查理.丹尼尔斯";"Charlie Daniels";"查理丹尼斯";"270万英镑";"1986-09-07";"75";"178";"左脚";"英格兰";"2020-06-30"
"西蒙·弗朗西斯";"Simon Francis";"西蒙法蘭西斯";"180万英镑";"1985-02-16";"84";"191";"右脚";"英格兰";"2020-06-30"
"D.里戈";"Diego Rico Salguero";"迪亞高列高";"810万英镑";"1993-02-23";"";"183";"左脚";"西班牙";"2022-06-30"
"亚当.史密斯";"Adam Smith";"阿當史密夫";"630万英镑";"1991-04-29";"74";"174";"右脚";"英格兰";"2021-06-30"
"纳特罕-阿克";"Nathan Ake";"阿基";"2700万英镑";"1995-02-18";"71";"180";"左脚";"荷兰";"2022-06-30"
"斯塔塞";"Jack Stacey";"積克斯達施";"360万英镑";"1996-04-06";"";"180";"右脚";"英格兰";"2023-06-30"
"杰克·辛普森";"Jack Simpson";"積克森遜";"135万英镑";"1997-01-08";"";"";"左脚";"英格兰";"2020-06-30"
"劳埃德.凯利";"Lloyd Kelly";"劳埃德.凯利";"810万英镑";"1998-10-06";"";"190";"左脚";"英格兰";"2019-06-30"
"克里斯.米伯";"Chris Mepham";"克里斯·米伯";"1170万英镑";"1997-11-05";"";"191";"";"威尔士、英格兰";"2023-06-30"
"克里斯蒂安·赛迪";"Christian Saydee";"克裏斯蒂安·賽迪";"万英镑";"2002-05-10";"";"";"";"英格兰";""
"乔尼奥·斯塔尼斯拉斯";"Junior Stanislas";"史坦尼斯拿斯";"405万英镑";"1989-11-26";"78";"183";"右脚";"英格兰、圣路西亚";"2021-06-30"
"布卢克斯";"David Brooks";"布魯克斯";"2700万英镑";"1997-07-08";"";"173";"左脚";"威尔士、英格兰";"2022-06-30"
"丹尼尔·戈斯林";"Daniel Gosling";"高斯寧";"315万英镑";"1990-02-01";"70";"180";"右脚";"英格兰";"2021-06-30"
"杰弗森里尔玛";"Jefferson Andres Lerma Solis";"謝佛遜拿馬";"2250万英镑";"1994-10-25";"";"179";"右脚";"哥伦比亚";"2023-06-30"
"乔丹·艾比";"Jordon Ashley F Ibe";"佐敦艾比";"720万英镑";"1995-12-08";"66";"176";"右脚";"英格兰、尼日利亚";"2020-06-30"
"菲利普.比灵";"Phillip Billing";"P.拜利安";"630万英镑";"1996-06-11";"";"192";"左脚";"丹麦、尼日利亚";"2024-06-30"
"库克";"Lewis Cook";"李維士曲克";"1800万英镑";"1997-02-03";"";"175";"右脚";"英格兰";"2022-06-30"
"安德鲁·苏尔曼";"Andrew Surman";"安祖舒文";"225万英镑";"1986-08-20";"72";"178";"左脚";"英格兰、南非";"2020-06-30"
"瑞安·弗雷泽";"Ryan Fraser";"賴恩費沙";"2700万英镑";"1994-02-24";"70";"163";"右脚";"苏格兰";"2020-06-30"
"A.格罗维德";"Arnaut Groeneveld";"A.哥尼維德";"1080万英镑";"1997-01-31";"";"178";"右脚";"荷兰、尼日利亚";"2024-06-30"
"哈里.威尔逊";"Harry Wilson";"哈利.威爾遜";"1080万英镑";"1997-03-22";"";"173";"左脚";"威尔士、英格兰";"2020-05-31"
"加文·基尔肯尼";"Gavin Kilkenny";"G.基爾肯尼";"万英镑";"2000-02-01";"";"194";"";"爱尔兰";""
"卡兰.威尔逊";"Callum Wilson";"哥林威爾遜";"2700万英镑";"1992-02-27";"66";"180";"右脚";"英格兰、爱尔兰";"2023-06-30"
"约舒亚·金";"Joshua King";"祖舒亞京治";"1800万英镑";"1992-01-15";"74";"181";"右脚";"挪威、冈比亚";"2021-06-30"
"山姆苏德";"Sam Surridge";"山姆苏德";"0万英镑";"1998-07-28";"";"191";"";"英格兰";"2019-05-31"
"多米尼克-索兰克";"Dominic Solanke";"蘇蘭基";"1620万英镑";"1997-09-14";"";"186";"右脚";"英格兰、尼日利亚";"2022-06-30"
