SimpName,EngName,TradName,price,birthday,weight,height,IdioFoot,nationality,contract
齐内丁·齐达内,Zinedine Zidane,施丹,万英镑,1972-06-23,78,185,,法国,
阿利奥拉,Alphonse Areola,阿利奧拉,1575万英镑,1993-02-27,88,195,右脚,法国、菲律宾,2020-06-30
西博特·库尔图瓦,Thibaut Courtois,高圖爾斯,4950万英镑,1992-05-11,80,199,左脚,比利时,2024-06-30
塞尔吉奥·拉莫斯,Sergio Ramos Garcia,沙治奧拉莫斯,2250万英镑,1986-03-30,73,184,右脚,西班牙,2021-06-30
拉斐尔.瓦拉内,Raphael Varane,華拿尼,6300万英镑,1993-04-25,85,191,右脚,法国,2022-06-30
马塞洛·维埃拉·达·席尔瓦·儒尼奥尔,Marcelo Vieira da Silva Junior,馬些路,2250万英镑,1988-05-12,75,174,左脚,巴西、西班牙,2022-06-30
卡瓦哈尔,Daniel Carvajal Ramos,D.卡華積,4500万英镑,1992-01-11,71,173,右脚,西班牙,2022-06-30
纳乔·费尔南德斯,Jose Ignacio Fernandez Iglesias Nacho,F.拿祖,2250万英镑,1990-01-18,74,180,右脚,西班牙,2020-06-30
弗兰德.门迪,Ferland Mendy,費蘭特文迪,2700万英镑,1995-06-08,,180,左脚,法国、塞内加尔,2025-06-30
阿尔瓦罗·奥德里奥佐拉,Alvaro Odriozola Arzallus,阿爾瓦羅·奧德里奧佐拉,2250万英镑,1995-12-14,,176,右脚,西班牙,2024-06-30
埃德尔.米利唐,Eder Gabriel Militao,艾達米利圖,4500万英镑,1998-01-18,79,186,右脚,巴西,2025-06-30
艾登·阿扎尔,Eden Hazard,夏薩特,13500万英镑,1991-01-07,69,175,双脚,比利时,2024-06-30
卢卡·莫德里奇,Luka Modric,摩特歷,1800万英镑,1985-09-09,65,172,双脚,克罗地亚,2020-06-30
加里斯 贝尔,Gareth Bale,G.巴利,5400万英镑,1989-07-16,74,185,左脚,威尔士,2022-06-30
伊斯科,Francisco R. Alarcon SuarezIsco,伊斯高,5400万英镑,1992-04-21,79,176,右脚,西班牙,2022-06-30
托尼·克罗斯,Toni Kroos,卻奧斯,5400万英镑,1990-01-04,68,183,双脚,德国,2023-06-30
J·罗德里格斯,James David Rodriguez,占士洛迪古斯,4500万英镑,1991-07-12,74,181,左脚,哥伦比亚、西班牙,2021-06-30
卡塞米罗,Carlos Henrique CasimiroCasemiro,C.卡斯米路,5400万英镑,1992-02-23,80,185,右脚,巴西,2021-06-30
卢卡斯,Lucas Vazquez Iglesias,盧卡斯華斯基斯,2250万英镑,1991-07-01,,173,右脚,西班牙,2021-06-30
马尔科-阿森西奥,Marco Asensio Willemsen,阿辛斯奧,5400万英镑,1996-01-21,,182,左脚,西班牙、荷兰,2023-06-30
维尼修斯,Vinicius Jose Paixao de Oliveira Junior,雲尼施奧斯,6300万英镑,2000-07-12,,176,右脚,巴西,2025-06-30
B.迪亚兹,Brahim Diaz,巴謙戴亞斯,1530万英镑,1999-08-03,,171,双脚,西班牙、摩洛哥,2025-06-30
费德里科.巴尔韦德,Santiago Federico Valverde Dipetta,F.華維迪,1800万英镑,1998-07-22,,182,右脚,乌拉圭、西班牙,2021-06-30
罗德里戈,Rodrygo Silva De Goes,羅德裏戈,3600万英镑,2001-01-09,,174,右脚,巴西,2025-06-30
雷尼尔,Reinier Jesus Carvalho,雷尼爾,2250万英镑,2002-01-19,,185,右脚,巴西,2021-12-31
卡里姆·本泽马,Karim Benzema,賓森馬,3600万英镑,1987-12-19,74,185,双脚,法国、阿尔及利亚,2021-06-30
卢卡-约维奇,Luka Jovic,L.祖域,5400万英镑,1997-12-23,,182,双脚,塞尔维亚,2025-06-30
马里亚诺,Mariano Diaz Mejia,馬利安奴,1800万英镑,1993-08-01,79,180,右脚,西班牙、西班牙,2023-06-30
瑟蒂恩,Quique Setien,瑟蒂恩,万英镑,1958-09-27,,185,,西班牙,
特尔施特根,Marc-Andre ter Stegen,史迪根,8100万英镑,1992-04-30,82,187,右脚,德国,2022-06-30
内托,Neto,内托,1620万英镑,1989-07-19,,190,右脚,巴西、意大利,2023-06-30
杰拉德·皮克,Gerard Pique Bernabeu,比基,3150万英镑,1987-02-02,77,192,右脚,西班牙,2022-06-30
约尔迪·阿尔巴,Jordi Alba Ramos,佐迪艾巴,4500万英镑,1989-03-21,63,170,左脚,西班牙,2024-06-30
塞缪尔.乌姆蒂蒂,Samuel Umtiti,烏迪迪,4050万英镑,1993-11-14,75,182,左脚,法国、喀麦隆,2023-06-30
尼尔森·塞梅多,Nelson Cabral Semedo,尼爾遜森美度,3600万英镑,1993-11-16,65,177,右脚,葡萄牙、佛得角,2022-06-30
朗格莱,Clement Lenglet,C.朗格莱,5400万英镑,1995-06-17,81,186,左脚,法国,2023-06-30
瓦古埃,Moussa Wague,莫沙華古爾,450万英镑,1998-10-04,,177,右脚,塞内加尔,2023-06-30
达尼·莫雷尔,Dani Morer,D.莫雷爾,18万英镑,1998-02-05,,169,右脚,西班牙,2019-06-30
朱尼奥·菲尔波,Hector Junior Firpo Adames,J.菲爾普,2250万英镑,1996-08-22,,184,左脚,西班牙、西班牙,2024-06-30
塞尔吉奥·布斯克茨,Sergi Busquets Burgos,布斯基斯,4500万英镑,1988-07-16,83,189,右脚,西班牙,2023-06-30
阿尔达·图兰,Arda Turan,杜蘭,72万英镑,1987-01-30,72,177,右脚,土耳其,2020-06-30
伊万·拉基蒂奇,Ivan Rakitic,拿傑迪,3150万英镑,1988-03-10,72,184,右脚,克罗地亚、瑞士,2021-06-30
阿图罗·比达尔,Arturo Vidal,維達爾,1350万英镑,1987-05-22,74,180,右脚,智利,2021-06-30
塞吉·罗伯托,Sergi Roberto Carnicer,沙治羅拔圖,4500万英镑,1992-02-07,70,178,右脚,西班牙,2022-06-30
伊纳基·戈迪亚·佩纳,Inaki Goitia Pena,高爾迪亞,17.6万英镑,1982-03-02,82,188,右脚,西班牙,2015-06-30
阿图尔,Arthur Henrique Ramos de Oliveira Melo,艾科亞,6300万英镑,1996-08-12,73,172,右脚,巴西,2024-06-30
弗兰基·德容,Frenkie De Jong,法蘭基迪莊,7650万英镑,1997-05-12,,181,右脚,荷兰,2024-06-30
里奥内尔·安德雷斯·梅西,Lionel Andres Messi,美斯,13500万英镑,1987-06-24,67,170,左脚,阿根廷、西班牙,2021-06-30
奥斯曼·登贝莱,Ousmane Dembele,奧士文迪比利,9000万英镑,1997-05-15,,178,双脚,法国、毛里塔尼亚,2022-06-30
卡洛斯.佩雷兹,Carles P&#233;rez Sayol,卡洛斯.佩雷茲,900万英镑,1998-02-16,,173,左脚,西班牙,2019-06-30
里奇普格,Riqui Puig,里奇普格,900万英镑,1999-08-13,,169,右脚,西班牙,2021-06-30
I.佩納,Ignacio Pena Sotorres,I.佩納,万英镑,1999-03-02,,,,西班牙,
路易斯·阿尔贝托·苏亚雷斯,Luis Suarez,蘇亞雷斯,4500万英镑,1987-01-24,81,182,右脚,乌拉圭、意大利,2021-06-30
安东尼.格列兹曼,Antoine Griezmann,基斯文,11700万英镑,1991-03-21,70,176,左脚,法国,2024-06-30
吉策.洛佩特,Julen Lopetegui,吉策.洛佩特,万英镑,1966-09-28,,,,西班牙,
亚西尼布努,Yassine Bounou,保奴,450万英镑,1991-04-05,80,192,左脚,摩洛哥、加拿大,2020-06-30
托马斯.瓦茨利克,Tomas Vaclik,華歷克,1620万英镑,1989-03-29,84,188,右脚,捷克,2021-06-30
A.路易士卢达,Andres Felipe Rodriguez Rueda,A.路易士盧達,9万英镑,1998-02-23,,176,左脚,西班牙,2019-06-30
埃斯库德罗,Sergio Escudero Palomo,艾斯古迪路,675万英镑,1989-09-02,67,176,左脚,西班牙,2021-06-30
赫苏斯·纳瓦斯,Jesus Navas Gonzalez,拿華斯,360万英镑,1985-11-21,60,172,右脚,西班牙,2021-06-30
高美斯,Sergi Gomez Sola,沙治高美斯,810万英镑,1992-03-28,,185,右脚,西班牙,2022-06-30
D.桑托斯,Diego Santos Silva,迪高卡路士,1170万英镑,1993-03-15,,186,右脚,巴西,2024-06-30
J.科德,Jules Kounde,J.科德,1350万英镑,1998-11-12,70,184,右脚,法国、贝宁,2024-06-30
雷吉隆,Sergio Reguil&#243;n,雷吉隆,1350万英镑,1996-12-16,,178,左脚,西班牙,2020-06-30
G.罗德里格斯,Genaro Rodriguez Serrano,G.羅德里格斯,万英镑,1998-03-23,,,,西班牙,
弗兰西斯科.费尔南多,Fernando Francisco Reges,費蘭度列謝斯,405万英镑,1987-07-25,70,183,右脚,巴西、葡萄牙,2022-06-30
曼努埃尔·诺利托,Manuel Agudo Duran Nolito,洛尼圖,180万英镑,1986-10-15,70,175,右脚,西班牙,2020-06-30
奧甘波斯,Lucas Ocampos,奧甘普斯,1350万英镑,1994-07-11,84,187,双脚,阿根廷,2024-06-30
弗兰克.巴斯克斯,Franco Vazquez,法蘭高華斯基斯,1350万英镑,1989-02-22,87,187,左脚,阿根廷、意大利,2021-06-30
戴维·巴内加,Ever Maximiliano Banega,賓尼加,1350万英镑,1988-06-29,73,174,右脚,阿根廷、西班牙,2020-06-30
M.洛佩斯,Marcos Paulo Mesquita Lopes,馬高斯盧比斯,2250万英镑,1995-12-28,68,174,左脚,葡萄牙、巴西,2024-06-30
莫雷诺,Joan Joan Moreno,祖安佐敦,1080万英镑,1994-07-06,,185,右脚,西班牙,2023-06-30
奥利弗托雷斯,Oliver Torres,奧利華托里斯,1530万英镑,1994-11-10,70,175,右脚,西班牙,2024-06-30
J.约瑟夫,Jos&#233; Mena,J.约瑟夫,18万英镑,1998-05-15,,173,右脚,西班牙,2019-06-30
内曼贾·古德利,Nemanja Gudelj,古迪積,585万英镑,1991-11-16,73,187,右脚,塞尔维亚、荷兰,2023-06-30
布里安.吉尔,Bryan Gil Salvatierra,B.吉爾,900万英镑,2001-02-11,,175,左脚,西班牙,2022-06-30
丹尼尔·卡里索,Daniel Filipe Martins Carrico,卡列高,270万英镑,1988-08-04,75,180,右脚,葡萄牙,2020-06-30
J.拉拉,Jose Alonso Alonso Lara,J.拉拉,万英镑,2000-03-07,,162,,西班牙,
瓦卡斯,Alfonso Pastor Vacas,瓦卡斯,万英镑,2000-09-04,,,,西班牙,
卢克.德容,Luuk de Jong,盧克迪莊,1080万英镑,1990-08-27,80,188,右脚,荷兰,2023-06-30
穆尼尔.哈达迪,Munir El Haddadi,艾夏達迪,900万英镑,1995-09-01,62,175,左脚,西班牙、摩洛哥,2023-06-30
哈维尔.埃尔南德斯,Javier Hernandez Balcazar Chicharito,J.靴南迪斯,810万英镑,1988-06-01,62,175,右脚,墨西哥,2022-06-30
N.约瑟夫,Youssef En-Nesyri,N.約瑟夫,1080万英镑,1997-06-01,,189,双脚,摩洛哥,2023-06-30
阿尔伯特·塞拉德斯·洛佩斯,Albert Celades Lopez,施拿迪斯,万英镑,1975-09-29,75,177,,西班牙,
乌梅多梅内克桑切斯,Jaume Domenech Sanchez,多蒙尼治,225万英镑,1990-11-05,79,185,右脚,西班牙,2022-06-30
西莱森,Jasper Cillessen,J.施爾利臣,1620万英镑,1989-04-22,82,187,右脚,荷兰,2023-06-30
埃泽奎尔·马塞罗·加雷,Ezequiel Marcelo Garay,加雷,720万英镑,1986-10-10,84,188,右脚,阿根廷、西班牙,2020-06-30
伊利阿权·曼加拉,Eliaquim Mangala,文加拉,900万英镑,1991-02-13,74,187,左脚,法国、比利时,2021-06-30
丹尼尔·沃斯,Daniel Wass,華斯,1260万英镑,1989-05-31,74,178,右脚,丹麦,2022-06-30
加布里埃尔阿曼多,Gabriel Armando de Abreu,加比保利斯達,1800万英镑,1990-11-26,72,187,右脚,巴西,2022-06-30
皮奇尼,Cristiano Piccini,彼斯尼,900万英镑,1992-09-26,,189,右脚,意大利,2022-06-30
赞米.维森特.霍尔达,Jaume Vicent Costa Jorda,贊米哥斯達,360万英镑,1988-03-18,65,171,左脚,西班牙,2020-06-30
何塞·路易斯·加亚,Jose Luis Gaya Pena,加耶,4500万英镑,1995-05-25,55,172,左脚,西班牙,2023-06-30
R.鲁伊斯,Rodriguez Salva Ruiz,R.魯伊斯,36万英镑,1995-05-17,70,176,左脚,西班牙,2023-06-30
摩卡迪查,Mouctar Diakhaby,戴亞卡比,1800万英镑,1996-12-19,,192,右脚,法国,2023-06-30
帕雷霍,Daniel Parejo MunozParejo,巴利祖,2700万英镑,1989-04-16,75,182,右脚,西班牙,2022-06-30
弗兰西斯·科奎林,Francis Coquelin,高基連,1575万英镑,1991-05-13,73,177,右脚,法国,2022-06-30
杰弗里·康多比亚,Geoffrey Kondogbia,干杜治比亞,2700万英镑,1993-02-15,77,188,左脚,中非共和国、法国,2022-06-30
阿尔瓦罗.梅德兰,Alvaro Medran Just,梅德蘭,162万英镑,1994-03-15,,177,右脚,西班牙,2020-06-30
切里舍夫,Denis Cheryshev,謝利舒夫,540万英镑,1990-12-26,74,179,左脚,俄罗斯、西班牙,2022-06-30
冈萨洛.格德斯,Goncalo Manuel Ganchinho Guedes,基迪斯,3600万英镑,1996-11-29,,179,右脚,葡萄牙,2023-06-30
卡洛斯·索莱尔·巴拉甘,Carlos Soler Barragan,C.巴拉甘,4500万英镑,1997-01-02,,180,右脚,西班牙,2021-06-30
弗兰托雷斯,Ferran Torres,弗蘭托雷斯,1800万英镑,2000-02-29,,184,右脚,西班牙,2021-06-30
曼努埃尔哈维尔,Manuel Javier Vallejo Galvan,曼努埃爾哈維爾,450万英镑,1997-02-14,,167,右脚,西班牙,2024-06-30
C.萨贝特,Cristian Rivero Sabater,C.薩貝特,万英镑,1998-03-21,,,,西班牙,
维森特·埃斯奎尔多,Vicente Esquerdo,埃斯奎爾多,万英镑,1999-02-02,,,,西班牙,
帕布罗·戈扎尔贝兹,Pablo Gozalbez Gilabert,P.戈扎爾貝茲,万英镑,2001-04-30,,,,西班牙,
凯文·加梅罗,Kevin Gameiro,加美路,810万英镑,1987-05-09,64,172,右脚,法国、葡萄牙,2021-06-30
罗德里戈,Rodrigo Moreno MachadoRodri,M.洛迪高,4500万英镑,1991-03-06,70,182,左脚,西班牙、巴西,2022-06-30
索布里诺,Ruben Sobrino Pozuelo,蘇比連奴,270万英镑,1992-06-01,,185,右脚,西班牙,2022-06-30
M.高美斯,Maximiliano Gomez,M.高美斯,3600万英镑,1996-08-14,87,186,右脚,乌拉圭,2024-06-30
盖兹卡·加里塔诺·阿吉雷,Gaizka Garitano Aguirre,加利坦奴,万英镑,1975-07-09,76,184,,西班牙,
I.布埃桑,Iago Herrerin Buisan,I.希利連,360万英镑,1988-01-25,90,187,右脚,西班牙,2021-06-30
U.西蒙,Unai Sim&#243;n,U.西蒙,540万英镑,1997-06-11,,190,右脚,西班牙,2023-06-30
J. 依兹塔,Jokin Ezkieta,J. 依兹塔,27万英镑,1996-08-17,,194,右脚,西班牙,2019-06-30
伊尼戈·马丁内斯,Inigo Martinez Berridi,恩尼高馬天尼斯,2880万英镑,1991-05-17,77,182,左脚,西班牙,2023-06-30
巴伦齐亚加,Mikel Balenziaga Oruesagasti,巴倫斯加,180万英镑,1988-02-29,74,177,左脚,西班牙,2021-06-30
安德尔-卡帕,Ander Capa Rodriguez,安達卡柏,270万英镑,1992-02-08,70,175,右脚,西班牙,2022-06-30
Y. 博奇切,Yuri Berchiche,貝基捷,1800万英镑,1990-02-10,80,181,左脚,西班牙、阿尔及利亚,2022-06-30
德马科斯,Oscar de Marcos Arana Oscar,迪馬高斯,540万英镑,1989-04-14,76,182,右脚,西班牙,2021-06-30
C.加内亚,Cristian Ganea,C.加內亞,90万英镑,1992-05-24,,176,左脚,罗马尼亚、西班牙,2021-06-30
伊尼戈,Inigo Lekue,歷古爾,180万英镑,1993-05-04,,180,右脚,西班牙,2023-06-30
耶雷,Yeray Alvarez Lopez,耶雷,2250万英镑,1995-01-24,,182,右脚,西班牙,2026-06-30
努涅斯,Unai Nunez Gestoso,努涅斯,1350万英镑,1997-01-30,,186,右脚,西班牙,2023-06-30
A.洛佩斯,Andoni Lopez,A.洛佩斯,45万英镑,1996-04-05,,188,左脚,西班牙,2020-06-30
伊拜·戈麦斯,Ibai Gomez Perez,伊拜高美斯,360万英镑,1989-11-11,71,178,右脚,西班牙,2022-06-30
米克尔·多明戈斯,Mikel San Jose Dominguez,米基聖荷西,675万英镑,1989-05-30,75,187,右脚,西班牙,2020-06-30
伊克尔·穆尼亚因,Iker Muniain Goni,蒙尼恩,1350万英镑,1992-12-19,63,169,右脚,西班牙,2024-06-30
劳尔·加西亚·埃斯库德罗,Raul Garcia Escudero,魯爾加西亞,675万英镑,1986-07-11,80,184,右脚,西班牙,2021-06-30
贝尼亚特.艾斯巴利亚,Benat Etxebarria Urkiaga,賓納特,360万英镑,1987-02-19,72,176,右脚,西班牙,2020-06-30
卢比斯,Unai Lopez Cabrera,烏尼盧比斯,135万英镑,1995-10-30,64,170,右脚,西班牙,2022-06-30
D.卡利路,Daniel Garc&#237;a Carrillo,丹尼卡利路,360万英镑,1990-05-24,72,179,右脚,西班牙,2022-06-30
米克尔贝斯加,Mikel Vesga,米克尔贝斯加,360万英镑,1993-04-08,,191,左脚,西班牙,2021-06-30
G.罗德里格斯,Gorka Guruzeta Rodriguez,G.羅德里格斯,万英镑,1996-09-12,73,188,,西班牙,
伊阿古科尔多瓦,Iago Cordoba Kerejeta,伊阿古科爾多瓦,360万英镑,1997-03-13,,180,左脚,西班牙,2022-06-30
拉拉扎巴,Gaizka Larrazabal,拉拉扎巴,27万英镑,1997-12-17,,180,右脚,西班牙,2021-06-30
奥伊汉·桑塞特,Oihan Sancet,O.桑塞特,万英镑,2000-04-25,,183,,西班牙,
阿里茨·阿杜里茨,Aritz Aduriz Zubeldia,阿度利斯,90万英镑,1981-02-11,74,181,右脚,西班牙,2020-06-30
K.克德罗,Kenan Kodro,哥特路,90万英镑,1993-08-19,,188,右脚,波黑、西班牙,2022-06-30
I.威廉士,Inaki Williams Dannis,I.威廉士,4500万英镑,1994-06-15,,186,右脚,西班牙、加纳,2025-06-30
阿西尔,Asier Villalibre,維拉列比,180万英镑,1997-09-30,,184,左脚,西班牙,2023-06-30
雅格巴-阿拉萨特,Jagoba Arrasate,阿拿沙特,万英镑,1978-04-22,,169,,西班牙,
鲁本·伊万·马丁内斯,Ruben Ivan Martinez Andrade,I.魯賓,63万英镑,1984-06-22,82,187,右脚,西班牙,2020-06-30
塞尔吉奥·赫雷拉,Sergio Herrera,S.靴里拉,45万英镑,1993-06-05,,192,,西班牙,2021-06-30
J.皮里斯,Juan Manuel Perez Ruiz,J.皮里斯,18万英镑,1996-07-15,,191,右脚,西班牙,2019-06-30
胡安.皮利斯,Juan Perez,胡安.皮利斯,万英镑,1996-07-15,,187,,西班牙,
利洛,Manuel Castellano Castro Lillo,里路,63万英镑,1989-03-27,76,176,右脚,西班牙,2020-06-30
劳尔.纳瓦斯,Raul Navas,魯爾拿華斯,270万英镑,1988-05-11,77,187,右脚,西班牙,2020-06-30
法昆多.隆卡里亚,Facundo Roncaglia,朗卡尼亞,225万英镑,1987-02-10,76,179,右脚,阿根廷、意大利,2020-06-30
U.加西亞,Unai Garcia Lugea,烏尼加西亞,180万英镑,1992-09-03,,186,左脚,西班牙,2020-06-30
伽西亚,David Garcia,Z.大衛加西亞,180万英镑,1994-02-14,78,185,右脚,西班牙,2021-06-30
托尼·拉托,Antonio Latorre Grueso,東尼勒圖,180万英镑,1997-11-21,,171,左脚,西班牙,2020-06-30
乌姆皮埃雷斯,Aridane Hernandez Umpierrez,艾達靴南迪斯,63万英镑,1989-03-23,77,188,右脚,西班牙、西班牙,2021-06-30
N.维达尔,Nacho Vidal,N.維達爾,180万英镑,1995-01-24,,180,右脚,西班牙,2022-06-30
特诺里奥,Pervis Josue Estupinan Tenorio,艾斯杜賓拿,180万英镑,1998-01-21,,175,左脚,厄瓜多尔,2021-06-30
托雷斯,Roberto Torres Morales,羅拔圖托里斯,180万英镑,1989-03-07,69,178,右脚,西班牙,2021-06-30
祖安韋拿,Juan Villar Vazquez,祖安韋拿,81万英镑,1988-05-19,,182,右脚,西班牙,2021-06-30
梅里达,Francisco Merida Perez,美列達,135万英镑,1990-03-04,64,174,左脚,西班牙,2020-06-30
鲁本.加西亚,Ruben Garcia Santos,魯賓加西亞,315万英镑,1993-07-14,72,171,左脚,西班牙,2023-06-30
达尔科.布拉萨纳奇,Darko Brasanac,巴拉辛歷,180万英镑,1992-02-12,73,178,右脚,塞尔维亚,2022-06-30
伊尼戈.佩雷斯,Inigo Perez,I.皮里斯,72万英镑,1988-01-18,74,178,左脚,西班牙,2022-06-30
奥耶尔,Oier Sanjurjo Mate,奧爾亞,108万英镑,1986-05-25,86,178,右脚,西班牙,2021-06-30
E.阿维拉,Luis Ezequiel Avila,E.艾維拉,450万英镑,1994-02-06,,172,左脚,阿根廷,2023-06-30
恩里克,Enrique Barja,K.巴查,135万英镑,1997-04-04,,179,右脚,西班牙,2021-06-30
罗伯特,Robert Ibanez,罗伯特,90万英镑,1993-03-22,65,181,右脚,西班牙,2023-06-30
安东尼.奥哈里发,Antonio Otegui Khalife,安東尼.奧哈裏發,27万英镑,1998-03-07,,174,右脚,西班牙、摩洛哥,2022-06-30
J.蒙卡约拉,Jon Moncayola Tollar,J.蒙卡約拉,万英镑,1998-05-13,,,,西班牙,
伊纳基.阿尔瓦雷斯,Inaki Alvarez,伊纳基.阿尔瓦雷斯,万英镑,,,,,西班牙,
阿德里安·洛佩斯·阿尔瓦雷斯,Adrian Lopez AlvarezAdrian,阿祖安盧比斯,225万英镑,1988-01-08,71,183,右脚,西班牙,2020-06-30
马克卡多纳,Marc Cardona,馬克卡多納,135万英镑,1995-07-08,,183,右脚,西班牙,2023-06-30
卢比,Joan Francesc Ferrer Sicilia,盧比,万英镑,1970-02-05,,,,西班牙,
若埃尔·罗伯斯,Joel Robles Blazquez,祖爾羅保斯,450万英镑,1990-06-17,90,197,右脚,西班牙,2022-06-30
丹尼.马丁,Daniel Martin Fernandez,丹尼.馬丁,54万英镑,1998-07-08,,187,右脚,西班牙,2024-06-30
马克·巴特拉,Marc Bartra Aregall,巴特拉,1980万英镑,1991-01-15,80,184,右脚,西班牙,2023-06-30
曼迪,Aissa Mandi,艾沙文迪,1440万英镑,1991-10-22,78,184,右脚,阿尔及利亚、法国,2021-06-30
西德内,Sidnei Rechel da Silva Junior,R.薛尼,900万英镑,1989-08-23,80,185,右脚,巴西、西班牙,2022-06-30
亚历山大·莫雷诺洛佩拉,Alexandre Moreno Lopera,阿歷斯摩蘭奴,1080万英镑,1993-06-08,,179,左脚,西班牙,2024-06-30
安东尼奥·巴拉甘,Antonio Barragan Fernandez,巴拉根,180万英镑,1987-06-12,76,186,右脚,西班牙,2020-06-30
Z.费迪拿,Zouhair FEDDAL,Z.费迪拿,450万英镑,1989-12-23,83,192,左脚,摩洛哥、西班牙,2021-06-30
爱默生·索萨,Emerson Aparecido Leite De Souza Junior,艾馬臣迪蘇沙,270万英镑,1999-01-14,,183,右脚,巴西,2021-06-30
弗兰西斯,Francis Guerrero,弗兰西斯,540万英镑,1996-03-11,,175,右脚,西班牙,2023-06-30
E.冈萨雷斯,Edgar Gonzalez Estrada,E.岡薩雷斯,万英镑,1997-04-01,,,,西班牙,
哈维·加西亚,Francisco Fernandez Javi Garcia,查維加西亞,180万英镑,1987-02-08,78,187,右脚,西班牙,2021-06-30
纳比尔.费克尔,Nabil Fekir,費基亞,5400万英镑,1993-07-18,72,173,左脚,法国、阿尔及利亚,2023-06-30
詹米,Juan Miguel Jimenez Lopez Juanmi,祖安美,720万英镑,1993-05-20,63,172,右脚,西班牙,2024-06-30
威廉.卡华浩,William Carvalho,威廉卡華奴,2250万英镑,1992-04-07,78,187,右脚,葡萄牙、安哥拉,2023-06-30
华金·桑切斯·罗德里格斯,Joaquin Sanchez Rodriguez,祖亞昆,180万英镑,1981-07-21,75,181,右脚,西班牙,2020-06-30
何塞·安德烈斯·瓜尔达多,Andres Guardado,古亞達度,450万英镑,1986-09-28,60,169,左脚,墨西哥、西班牙,2020-06-30
塞尔吉奥·卡纳莱斯,Sergio Canales Madrazo,簡拿利斯,2250万英镑,1991-02-16,65,180,左脚,西班牙,2022-06-30
克里斯蒂安.特略,Cristian Tello Herrera,基斯甸泰路,900万英镑,1991-08-11,,178,双脚,西班牙,2022-06-30
G.罗德里格兹,Guido Rodriguez,G.罗德里格兹,900万英镑,1994-04-12,76,185,右脚,阿根廷,2016-06-30
阿方索,Alfonso Pedraza Sag,阿方索,1980万英镑,1996-04-09,,184,左脚,西班牙,2020-06-30
C.阿莱尼亚,Carles Alena Castillo,艾蘭拿,1800万英镑,1998-01-05,,180,左脚,西班牙,2022-06-30
迭戈莱内斯,Diego Lainez Leyva,迭戈莱内斯,1260万英镑,2000-06-09,,167,左脚,墨西哥,2024-06-30
朱力,Juanjo Narvaez,朱力,63万英镑,1995-02-12,,180,右脚,哥伦比亚、西班牙,2021-06-30
阿莱克斯·梅勒恩德斯,Alex Melendez,A.梅勒恩德斯,万英镑,1999-03-13,,178,,西班牙,
D.丹尼,Daniel Dani Martin Alexandre,D.丹尼,万英镑,1981-09-16,62,172,,西班牙,
博尔哈·伊格莱西亚斯,Borja Iglesias Quintas,波查伊格利西斯,2520万英镑,1993-01-17,,187,右脚,西班牙,2024-06-30
加西亚. 洛伦佐,Lorenzo Moron Garcia,加西亞. 洛倫佐,900万英镑,1993-12-30,,185,右脚,西班牙,2022-06-30
大卫.索里亚,David Soria,大衛蘇拿,1350万英镑,1993-04-04,,192,右脚,西班牙,2022-06-30
莱昂纳多·基基佐拉,Leandro Chichizola,捷切蘇拿,90万英镑,1990-03-27,78,182,右脚,阿根廷、意大利,2021-06-30
鲁本.扬泽,Ruben Yanez,R.恩尼斯,27万英镑,1993-10-12,,188,右脚,西班牙,2020-06-30
F.马洛诺维奇,Filip Manojlovic,F.馬洛努洛域,36万英镑,1996-04-25,,197,右脚,塞尔维亚,2021-06-30
阿伦尼约姆,Allan-Romeo Nyom,尼約姆,270万英镑,1988-05-10,81,189,右脚,喀麦隆、法国,2021-06-30
安图内斯,Vitorino Antunes,安杜尼斯,225万英镑,1987-04-01,70,175,左脚,葡萄牙,2020-06-30
埃切塔,Xabier Etxeita Gorritxategi,艾斯達,180万英镑,1987-10-31,82,186,右脚,西班牙,2021-06-30
卡布雷拉,Leandro Cabrera Sasia,卡尼拿,900万英镑,1991-06-17,81,188,左脚,乌拉圭、西班牙,2021-06-30
达米安·萨科.苏亚雷斯,Damian Nicolas Suarez,達米安蘇亞雷斯,315万英镑,1988-04-27,68,173,右脚,乌拉圭、西班牙,2022-06-30
B.卡布雷拉,Bruno Gonzalez Cabrera,般奴干沙里斯,180万英镑,1990-05-24,,184,右脚,西班牙,2020-06-30
达格马,Djene Dakonam,D.達高拿馬,2250万英镑,1991-12-31,,178,双脚,多哥,2023-06-30
马西亚斯.奥利维拉,Mathi-as Olivera,馬蒂亞斯.奧利瓦拉,270万英镑,1997-10-31,77,183,左脚,乌拉圭、西班牙,2023-06-30
M. 库库雷利亚,Marc Cucurella,M. 库库雷利亚,900万英镑,1998-07-22,,175,左脚,西班牙,2020-06-30
弗洛伦·帕普洛,Florent Poulolo,F.帕普洛,万英镑,1997-01-02,,,,法国,
B.马基尔,Markel Bergara Larranaga,貝加拉,72万英镑,1986-05-05,76,181,右脚,西班牙,2020-06-30
波尔蒂略,Francisco Portillo Soler,F.波迪路,360万英镑,1990-06-13,63,169,右脚,西班牙,2021-06-30
高波域,David Timor Copovi,大衛添馬,135万英镑,1989-10-17,76,185,左脚,西班牙,2022-06-30
罗伯特.肯尼迪,Robert Kenedy Nunes do Nascimento,羅拔堅尼地,900万英镑,1996-02-08,,180,左脚,巴西,2020-06-30
M.阿拉姆巴里,Mauro Wilney Arambarri Rosa,M.亞蘭巴里,1350万英镑,1995-09-30,71,175,右脚,乌拉圭,2023-06-30
费查尔·法尔,Faycal Fajr,法積,405万英镑,1988-08-01,72,179,右脚,摩洛哥、法国,2021-06-30
大卫.萨戈利奥,David Remeseiro Salgueiro Jason,R.積遜,450万英镑,1994-07-06,,178,右脚,西班牙,2020-06-30
迪希奥,Amath Ndiaye Diedhiou,迪希奧,360万英镑,1996-07-16,,173,右脚,塞内加尔,2022-06-30
伊度保,Etebo Oghenekaro,艾迪保,450万英镑,1995-11-09,,174,右脚,尼日利亚,2023-06-30
马克森莫域,Nemanja Maksimovic,馬克森莫域,1350万英镑,1995-01-26,75,184,右脚,塞尔维亚,2024-06-30
莫利纳,Jorge Molina Vidal,佐治摩連拿,180万英镑,1982-04-22,87,188,右脚,西班牙,2021-06-30
安赫尔·罗德里格斯,Angel Luis Rodriguez Diaz,A.洛迪古斯,270万英镑,1987-04-26,73,171,右脚,西班牙,2021-06-30
J.马塔,Jaime Mata,謝美馬達,900万英镑,1988-10-24,,186,右脚,西班牙,2021-06-30
阿方索.冈萨雷斯,Alfonso Gonzalez,阿方索.岡薩雷斯,万英镑,1999-05-04,,,,西班牙,
雨果·杜罗,Hugo Duro,雨果·杜罗,180万英镑,1999-11-10,,180,左脚,西班牙,2022-06-30
恩里克.加列戈,Enrique Gallego Puigsech,恩裏克.加列戈,270万英镑,1986-09-12,,190,左脚,西班牙,2022-06-30
大卫.索里亚,David Soria,大衛蘇拿,1350万英镑,1993-04-04,,192,右脚,西班牙,2022-06-30
莱昂纳多·基基佐拉,Leandro Chichizola,捷切蘇拿,90万英镑,1990-03-27,78,182,右脚,阿根廷、意大利,2021-06-30
鲁本.扬泽,Ruben Yanez,R.恩尼斯,27万英镑,1993-10-12,,188,右脚,西班牙,2020-06-30
F.马洛诺维奇,Filip Manojlovic,F.馬洛努洛域,36万英镑,1996-04-25,,197,右脚,塞尔维亚,2021-06-30
阿伦尼约姆,Allan-Romeo Nyom,尼約姆,270万英镑,1988-05-10,81,189,右脚,喀麦隆、法国,2021-06-30
安图内斯,Vitorino Antunes,安杜尼斯,225万英镑,1987-04-01,70,175,左脚,葡萄牙,2020-06-30
埃切塔,Xabier Etxeita Gorritxategi,艾斯達,180万英镑,1987-10-31,82,186,右脚,西班牙,2021-06-30
卡布雷拉,Leandro Cabrera Sasia,卡尼拿,900万英镑,1991-06-17,81,188,左脚,乌拉圭、西班牙,2021-06-30
达米安·萨科.苏亚雷斯,Damian Nicolas Suarez,達米安蘇亞雷斯,315万英镑,1988-04-27,68,173,右脚,乌拉圭、西班牙,2022-06-30
B.卡布雷拉,Bruno Gonzalez Cabrera,般奴干沙里斯,180万英镑,1990-05-24,,184,右脚,西班牙,2020-06-30
达格马,Djene Dakonam,D.達高拿馬,2250万英镑,1991-12-31,,178,双脚,多哥,2023-06-30
马西亚斯.奥利维拉,Mathi-as Olivera,馬蒂亞斯.奧利瓦拉,270万英镑,1997-10-31,77,183,左脚,乌拉圭、西班牙,2023-06-30
M. 库库雷利亚,Marc Cucurella,M. 库库雷利亚,900万英镑,1998-07-22,,175,左脚,西班牙,2020-06-30
弗洛伦·帕普洛,Florent Poulolo,F.帕普洛,万英镑,1997-01-02,,,,法国,
B.马基尔,Markel Bergara Larranaga,貝加拉,72万英镑,1986-05-05,76,181,右脚,西班牙,2020-06-30
波尔蒂略,Francisco Portillo Soler,F.波迪路,360万英镑,1990-06-13,63,169,右脚,西班牙,2021-06-30
高波域,David Timor Copovi,大衛添馬,135万英镑,1989-10-17,76,185,左脚,西班牙,2022-06-30
罗伯特.肯尼迪,Robert Kenedy Nunes do Nascimento,羅拔堅尼地,900万英镑,1996-02-08,,180,左脚,巴西,2020-06-30
M.阿拉姆巴里,Mauro Wilney Arambarri Rosa,M.亞蘭巴里,1350万英镑,1995-09-30,71,175,右脚,乌拉圭,2023-06-30
费查尔·法尔,Faycal Fajr,法積,405万英镑,1988-08-01,72,179,右脚,摩洛哥、法国,2021-06-30
大卫.萨戈利奥,David Remeseiro Salgueiro Jason,R.積遜,450万英镑,1994-07-06,,178,右脚,西班牙,2020-06-30
迪希奥,Amath Ndiaye Diedhiou,迪希奧,360万英镑,1996-07-16,,173,右脚,塞内加尔,2022-06-30
伊度保,Etebo Oghenekaro,艾迪保,450万英镑,1995-11-09,,174,右脚,尼日利亚,2023-06-30
马克森莫域,Nemanja Maksimovic,馬克森莫域,1350万英镑,1995-01-26,75,184,右脚,塞尔维亚,2024-06-30
莫利纳,Jorge Molina Vidal,佐治摩連拿,180万英镑,1982-04-22,87,188,右脚,西班牙,2021-06-30
安赫尔·罗德里格斯,Angel Luis Rodriguez Diaz,A.洛迪古斯,270万英镑,1987-04-26,73,171,右脚,西班牙,2021-06-30
J.马塔,Jaime Mata,謝美馬達,900万英镑,1988-10-24,,186,右脚,西班牙,2021-06-30
阿方索.冈萨雷斯,Alfonso Gonzalez,阿方索.岡薩雷斯,万英镑,1999-05-04,,,,西班牙,
雨果·杜罗,Hugo Duro,雨果·杜罗,180万英镑,1999-11-10,,180,左脚,西班牙,2022-06-30
恩里克.加列戈,Enrique Gallego Puigsech,恩裏克.加列戈,270万英镑,1986-09-12,,190,左脚,西班牙,2022-06-30
P.摩尼诺,Vicente Moreno Peris,P.摩連奴,万英镑,1974-10-28,81,188,,西班牙,
曼努埃尔·雷纳·罗德里格斯·马诺洛,Manuel Reina Rodriguez Manolo,馬路奴,27万英镑,1985-04-01,80,186,右脚,西班牙,2021-06-30
费比斯奥,Fabricio Agosto Ramirez,法比斯奧,360万英镑,1987-12-31,77,184,双脚,西班牙、乌拉圭,2020-06-30
莱昂德罗,Leandro Monteagud Balaguer,蒙塔古德,27万英镑,1989-02-28,77,186,,西班牙,2020-06-30
比沙,Miquel Parera Piza,比沙,27万英镑,1996-05-18,,182,右脚,西班牙,2021-06-30
F.甘波斯,Fracisco Javier Campos Coll,F.甘波斯,9万英镑,1982-03-10,74,180,右脚,西班牙,2020-06-30
拉里洛.阿里纳斯,Antonio Jose Raillo Arenas,拉爾路,72万英镑,1991-10-08,,187,,西班牙,2021-06-30
A.塞德拉,Aleksandar Sedlar,A.塞德拉,81万英镑,1991-12-13,,180,,塞尔维亚,2023-06-30
卢摩尔,Lumor,卢摩尔,126万英镑,1996-08-15,,175,左脚,加纳,2020-06-30
瓦尔简特,Martin Valjent,雲真特,135万英镑,1995-12-11,,187,右脚,斯洛伐克,2022-06-30
弗兰.盖米兹,Fran Gamez,弗兰.盖米兹,45万英镑,1991-07-27,,174,右脚,西班牙,2022-06-30
加米斯,Francisco Gamez Lopez,加美士,万英镑,1991-07-27,71,174,,西班牙,
琼萨斯特里,Joan Sastri,瓊薩斯特裡,180万英镑,1997-04-30,,174,右脚,西班牙,2023-06-30
科努德,Pierre Cornud,科努德,27万英镑,1996-12-12,,177,,法国,2022-06-30
巴巴,Abdul Rahman Baba,艾度巴巴,450万英镑,1994-07-02,70,179,左脚,加纳,2020-06-30
儒尼奥尔,Lago Junior,拿高祖利亞,180万英镑,1990-12-31,74,180,右脚,科特迪瓦,2023-06-30
沙华西维拿,Salvador Sevilla Lopez,沙華西維拿,18万英镑,1984-03-18,70,178,右脚,西班牙,2021-06-30
D.罗瑞古泽,Daniel Rodriguez,D.羅瑞古澤,万英镑,1984-03-12,75,182,,智利,
丹尼尔·罗德里格斯.瓦兹库兹,Daniel Jose Rodriguez Vazquez,丹尼尔,63万英镑,1988-06-06,71,178,右脚,西班牙,2021-06-30
比达沙,Marc Pedraza Sarto,馬克比達沙,36万英镑,1987-02-06,,184,,西班牙,2020-06-30
亚历山大·特莱科夫斯基,Aleksandar Trajkovski,查高域斯基,180万英镑,1992-09-05,72,179,双脚,马其顿,2023-06-30
亚尼斯.萨里布尔,Yanis Salibur,沙利寶亞,450万英镑,1991-01-24,74,177,左脚,法国、刚果民主共和国,2019-06-30
何塞普·塞内,Josep Sene,約瑟辛尼,22.5万英镑,1991-12-10,,186,右脚,西班牙,2022-06-30
A.法貝斯,Aleix Febas,A.法貝斯,360万英镑,1996-02-22,,172,右脚,西班牙,2023-06-30
A.波索,Alejandro Pozo,A.波索,450万英镑,1999-02-22,,174,右脚,西班牙,2020-06-30
巴巴,Iddrisu Baba,巴巴,45万英镑,1996-01-22,,182,,加纳,2024-06-30
莫伊塔,Sergio Moyita,莫伊塔,27万英镑,1992-09-11,,,,西班牙,2022-06-30
伊德里苏巴,Idrissu Baba,伊德裏蘇巴,万英镑,1996-01-22,,,,加纳,
久保建英,Takefusa Kubo,久保建英,45万英镑,2001-06-04,,173,左脚,日本,2018-12-31
布迪米尔,Ante Budimir,布迪米亞,126万英镑,1991-07-22,75,190,左脚,克罗地亚,2023-06-30
帕布洛·罗查瓦里亚,Pablo Chavarria,查華利亞,225万英镑,1988-01-02,74,185,右脚,阿根廷、意大利,2021-06-30
巴斯蒂达斯,Abdon Prats Bastidas,巴斯迪達斯,72万英镑,1992-12-07,79,181,左脚,西班牙,2021-06-30
A.莫雷诺,Alexander Alegria Moreno,艾利基亞,72万英镑,1992-10-14,,191,右脚,西班牙,2024-06-30
阿巴列斯基泰,Aitor Fernandez Abarisketa,阿巴列斯基泰,225万英镑,1991-05-03,70,182,右脚,西班牙,2022-06-30
奥耶尔,Oier Olazabal,奧拿沙保,225万英镑,1989-09-14,87,189,左脚,西班牙,2021-06-30
科克,Jorge Andujar Moreno Coke,J.高基,180万英镑,1987-04-26,78,176,右脚,西班牙,2022-06-30
奥斯卡·杜亚迪,Oscar Duarte,奧斯卡杜亞迪,90万英镑,1989-06-03,72,186,右脚,哥斯达黎加、尼加拉瓜,2021-06-30
A.东尼奥,Antonio Garcia Aranda Tono,湯奴,90万英镑,1989-11-07,70,180,左脚,西班牙,2023-06-30
S.雷东多,Sergio Postigo Redondo,S.普斯迪高,225万英镑,1988-11-04,,185,右脚,西班牙,2021-06-30
C.卡洛斯,Carlos Clerc Martinez,C.克拿,180万英镑,1992-02-21,62,181,左脚,西班牙,2022-06-30
鲁本.维佐,Ruben Miguel Nunes Vezo,魯賓維素,540万英镑,1994-04-25,,182,右脚,葡萄牙、佛得角,2024-06-30
苏亚雷斯罗伯托,Roberto Suarez Pier,羅巴,225万英镑,1995-02-16,,182,右脚,西班牙,2023-06-30
沙塔格特鲁迪斯,Jorge Miramon Santagertrudis,米拿蒙,270万英镑,1989-06-02,74,175,右脚,西班牙,2021-06-30
贡萨洛佩雷拉,Gonzalo Pereira,贡萨洛佩雷拉,18万英镑,1997-01-20,,164,右脚,乌拉圭,
埃里克,Erick Cabaco,埃里克,360万英镑,1995-04-19,,186,右脚,乌拉圭、意大利,2022-06-30
维迪奇.罗嘉,Nemanja Radoja,维迪奇.罗嘉,540万英镑,1993-02-06,,186,右脚,塞尔维亚,2019-06-30
赫尔兰尼,Hernani,靴蘭尼佐治,225万英镑,1991-08-20,69,180,左脚,葡萄牙、佛得角,2022-06-30
N.胡仙域,Nikola Vukcevic,N.胡仙域,万英镑,1991-12-13,,,,黑山,
何塞.戈麦斯.坎帕纳,Jose Angel Gomez Campana,荷西甘賓拿,1350万英镑,1993-05-31,74,179,右脚,西班牙,2023-06-30
鲁本·罗基纳,Ruben Rochina,R.洛捷拿,360万英镑,1991-03-23,70,182,左脚,西班牙,2021-06-30
G.穆雷罗,Gonzalo Julian Melero Manzanares,梅拿路,360万英镑,1994-01-02,77,183,右脚,西班牙,2023-06-30
尼古拉,Nikola Vukevi,尼古拉,225万英镑,1991-12-13,,187,右脚,黑山,2022-06-30
埃尼斯巴尔齐,Enis Bardhi,埃尼斯巴尔齐,1350万英镑,1995-07-02,,172,右脚,马其顿、阿尔巴尼亚,2022-06-30
摩拉里斯,Jose Luis Morales Martin,荷西摩拉里斯,900万英镑,1987-07-23,,180,右脚,西班牙,2021-06-30
塞尔吉奥.莱昂,Sergio Leon Limones,沙治奧里昂,270万英镑,1989-01-06,73,176,右脚,西班牙,2022-06-30
R.马尔蒂,RogerLast Martiacute Salvador,羅杰馬迪,900万英镑,1991-01-03,,179,右脚,西班牙,2023-06-30
马约拉尔,Borja Mayoral Moya,馬約拉爾,360万英镑,1997-04-05,68,182,右脚,西班牙,2020-06-30
米格尔·莫亚,Miquel Angel Moya Rumbo,莫亞,135万英镑,1984-04-02,75,189,右脚,西班牙,2020-06-30
亚历克斯,Alex Remiro,亞歷克斯,135万英镑,1995-03-24,,191,右脚,西班牙,2023-06-30
安东尼苏维奥雷,Andoni Zubiaurre,安东尼苏维奥雷,27万英镑,1996-12-04,,189,左脚,西班牙,2021-06-30
纳乔·蒙雷亚尔,Nacho Monreal Eraso,蒙利爾,720万英镑,1986-02-26,72,180,左脚,西班牙,2020-06-30
何塞巴.萨尔杜亚,Joseba Zaldua Bengoetxea,J.薩爾杜亞,900万英镑,1992-06-24,59,176,右脚,西班牙,2023-06-30
艾路斯度,Aritz Elustondo,A.艾魯士東度,900万英镑,1994-03-28,72,182,右脚,西班牙,2022-06-30
利奥斯,Diego Javier Llorente Rios,D.羅蘭迪,2250万英镑,1993-08-16,74,186,右脚,西班牙,2022-06-30
R.诺曼德,Robin Le Normand,R.諾曼德,360万英镑,1996-11-11,,187,右脚,法国,2022-06-30
格罗萨贝尔,Gorosabel,格罗萨贝尔,135万英镑,1996-08-04,,174,右脚,西班牙,2021-06-30
莫迪博,Modibo Sagnan,莫迪博,270万英镑,1999-04-14,,187,左脚,法国、马里,2024-06-30
爱恩·卡佩兰,Aihen Munoz Capellan,艾恩梅路斯,675万英镑,1997-08-16,72,175,左脚,西班牙,2022-06-30
朱利安.索郎姆杜萨,David Zurutuza Veillet,蘇魯杜薩,225万英镑,1986-07-19,70,186,右脚,西班牙、法国,2020-06-30
帕尔多,Ruben Pardo Gutierrez,魯賓柏度,360万英镑,1992-10-22,68,181,右脚,西班牙,2020-06-30
贾努扎伊,Adnan Januzaj,贊奴沙,1350万英镑,1995-02-05,64,186,左脚,比利时、科索沃,2022-06-30
克里斯蒂安.波尔图,Cristian Portugues Manzanera,樸度,900万英镑,1992-05-21,,178,右脚,西班牙,2024-06-30
M.梅里诺,Mikel Merino Zazon,米基美連奴,1350万英镑,1996-06-22,,186,左脚,西班牙,2023-06-30
伊利亚拉门迪,Asier Illarramendi,伊拿拉文迪,2250万英镑,1990-03-08,74,179,右脚,西班牙,2023-06-30
米克尔-奥亚尔萨瓦尔,Mikel Oyarzabal,米克爾奧耶查,4500万英镑,1997-04-21,75,181,左脚,西班牙,2024-06-30
伊戈尔.祖比迪亚,Igor Zubeldia,蘇比迪亞,2700万英镑,1997-03-30,,180,右脚,西班牙,2024-06-30
M.奥德高,Martin Odegaard,奧迪加特,1350万英镑,1998-12-17,,178,左脚,挪威,2020-06-30
卢卡.桑加利,Luca Sangalli Fuentes,卢卡.桑加利,360万英镑,1995-02-10,,167,,西班牙,2022-06-30
安德尔·古埃瓦拉,Ander Guevara Lajo,爵維拉,225万英镑,1997-07-07,,180,右脚,西班牙,2024-06-30
A.穆古魯扎,Ander Barrenetxea Muguruza,A.穆古魯扎,900万英镑,2001-12-27,,,,西班牙,2025-06-30
威廉若泽,Willian Jose,威廉若泽,2700万英镑,1991-11-23,,189,右脚,巴西、西班牙,2024-06-30
伊沙克,Alexander Isak,伊沙克,720万英镑,1999-09-21,,190,右脚,瑞典、厄立特里亚,2024-06-30
贾维尔·卡列哈,Javier Calleja Revilla,卡里查,万英镑,1978-05-12,70,171,,西班牙,
费尔南德斯,Andres Fernandez Moreno,F.安祖斯,135万英镑,1986-12-17,86,185,右脚,西班牙,2021-06-30
塞尔吉奥-阿森霍,Sergio Asenjo Andres,沙治奧阿辛祖,1080万英镑,1989-06-28,85,189,右脚,西班牙,2022-06-30
巴尔博萨,Mariano Damian Barbosa,M.巴波沙,36万英镑,1984-07-27,80,188,右脚,阿根廷、意大利,2020-06-30
丹尼尔.迪奥内,Daniel Thioune,D.費奧尼,450万英镑,1985-09-04,78,190,右脚,西班牙,2022-06-30
何塞·摩里,Jose Ramiro Funes Mori,富尼斯摩利,720万英镑,1991-03-05,77,186,左脚,阿根廷,2022-06-30
马里奥,Mario Gaspar Perez MartinezMario,馬里奧加斯柏,900万英镑,1990-11-24,71,180,右脚,西班牙,2023-06-30
劳尔·阿尔比奥尔,Raul Albiol Tortajada,R.艾比奧爾,450万英镑,1985-09-04,80,190,右脚,西班牙,2022-06-30
阿尔伯托·莫雷诺,Alberto Moreno,艾拔圖摩蘭奴,810万英镑,1992-07-05,65,171,左脚,西班牙,2024-06-30
鲁宾彭拿,Ruben Pena Jimenez,魯賓彭拿,900万英镑,1991-07-18,65,170,右脚,西班牙,2024-06-30
保罗托雷斯,Pau Torres,利巴,360万英镑,1997-01-16,,191,左脚,西班牙,2020-06-30
哈维-昆蒂利亚,Xavi Quintilla,哈威-昆蒂利亞,90万英镑,1996-08-23,,179,左脚,西班牙,2020-06-30
圣地亚哥·卡索拉,Santigo Cazorla Gonzalez,辛迪卡索拉,360万英镑,1984-12-13,66,168,双脚,西班牙,2020-06-30
布鲁诺·索里亚诺,Bruno Soriano Llido,般奴蘇利安奴,72万英镑,1984-06-12,77,184,左脚,西班牙,2020-06-30
朱塞佩·罗西,Giuseppe Rossi,G.羅斯,90万英镑,1987-02-01,73,173,左脚,意大利、美国,2018-06-30
特里格罗斯,Manuel Trigueros Munoz,特基路斯,1350万英镑,1991-10-17,70,178,右脚,西班牙,2022-06-30
M.波度纳多,Moises Gomez Bordonado,摩西斯高美斯,450万英镑,1994-06-23,65,176,右脚,西班牙,2023-06-30
伊沃拉,Vicente Iborra,伊保拿,810万英镑,1988-01-16,76,190,右脚,西班牙,2023-06-30
A.扎马巴,Andre Zambo Anguissa,森保安古沙,2250万英镑,1995-11-16,,184,右脚,喀麦隆,2020-06-30
哈维·奧迪維羅斯,Javi Ontiveros,安迪維路斯,540万英镑,1997-09-09,,175,右脚,西班牙,2024-06-30
卡斯里斯,Santiago Caseres,S.卡瑟雷斯,900万英镑,1997-02-25,,177,右脚,阿根廷,2023-06-30
拉米罗.格拉,Ramiro Guerra,拉米罗·格拉,18万英镑,1997-03-21,,183,右脚,乌拉圭、西班牙,2020-06-30
曼努埃尔.莫兰里斯,Manuel Morlanes,曼努埃尔.莫兰里斯,225万英镑,1999-01-12,,178,右脚,西班牙,2023-06-30
查克胡斯,Samuel Chimerenka Chukwueze,查克胡斯,2700万英镑,1999-05-22,,172,左脚,尼日利亚,2023-06-30
伊万·马丁,Ivan Martin,I.馬丁,万英镑,1999-02-14,,,,西班牙,
阿马杜·奥纳纳,Amadou Onana,阿馬度·奧拿拿,万英镑,2001-08-16,,,,比利时,
G.巴拉古尔诺,Gerard Moreno Balaguero,M.謝拉特,1575万英镑,1992-04-07,75,180,左脚,西班牙,2023-06-30
卡洛斯.巴卡,Carlos Bacca,卡路士巴卡,450万英镑,1986-09-08,76,181,右脚,哥伦比亚,2022-06-30
迭戈·帕布洛·西蒙尼,Diego Pablo Simeone,施蒙尼,万英镑,1970-04-28,70,178,,阿根廷,
安东尼奥·阿丹,Antonio Adan Garrido,艾丹,135万英镑,1987-05-13,90,190,左脚,西班牙,2020-06-30
奥布拉克,Jan Oblak,奧比歷,9000万英镑,1993-01-07,,188,右脚,斯洛文尼亚,2023-06-30
基兰·特里皮尔,Kieran Trippier,捷比亞,3150万英镑,1990-09-19,71,173,右脚,英格兰,2022-06-30
圣地亚哥·阿里亚斯,Santiago Arias Naranjo,阿里亞斯,1620万英镑,1992-01-13,67,177,右脚,哥伦比亚,2023-06-30
吉梅内斯,Jose Maria Gimenez de Vargas,荷西基文尼斯,6300万英镑,1995-01-20,80,185,右脚,乌拉圭、西班牙,2023-06-30
费利佩,Felipe Augusto de Almeida Monteiro,菲臘比蒙迪路,1800万英镑,1989-05-16,76,191,右脚,巴西,2022-06-30
塞姆·福萨里科,Sime Vrsaljko,維沙爾高,1800万英镑,1992-01-10,75,181,右脚,克罗地亚,2022-06-30
R.里柯弥,Rodrigo Riquelme,R.列基美,22.5万英镑,1984-06-01,85,191,右脚,巴拉圭、智利,
斯蒂芬.萨维奇,Stefan Savic,S.沙域,3150万英镑,1991-01-08,73,187,右脚,黑山,2020-06-30
马里奥-埃尔莫索,Mario Hermoso Canseco,靴摩素,2250万英镑,1995-06-18,69,184,左脚,西班牙,2024-06-30
雷南-洛迪,Renan Augusto Lodi Dos Santos,連拿洛迪,360万英镑,1998-04-08,,179,左脚,巴西,2025-06-30
科克,Jorge Resurreccion Merodio Koke,佐治高基,6300万英镑,1992-01-08,73,176,右脚,西班牙,2024-06-30
安赫尔.科雷亚,Angel Correa,安祖哥利亞,3150万英镑,1995-03-09,,171,右脚,阿根廷、西班牙,2024-06-30
维托洛,Victor Machin Perez Vitolo,域度奴,1620万英镑,1989-11-02,78,185,右脚,西班牙,2022-06-30
萨乌尔,Saul Niguez Esclapez,沙奧尼古斯,8100万英镑,1994-11-21,70,184,左脚,西班牙,2026-06-30
H.埃雷拉,Hector Miguel Herrera Lopez,希陀靴里拉,1980万英镑,1990-04-19,72,180,右脚,墨西哥、葡萄牙,2022-06-30
马科斯略伦特,Marcos Llorente Moreno,馬高斯羅蘭迪,1800万英镑,1995-01-30,,184,右脚,西班牙,2024-06-30
托马斯·勒马尔,Thomas Lemar,托馬斯·利馬,3600万英镑,1995-11-12,46,171,左脚,法国、瓜德罗普,2023-06-30
托马斯·帕尔特伊,Thomas Partey,湯馬士,4500万英镑,1993-06-13,,185,右脚,加纳,2023-06-30
若奥.费利克斯,Joao Felix Sequeira,祖奧菲歷斯,6300万英镑,1999-11-10,,180,右脚,葡萄牙,2026-06-30
莫亚,Antonio Moya Vega,安東尼奧莫亞維加,万英镑,1998-03-20,,176,,西班牙,
加尔塞斯莫雷诺,Borja Garces Moreno,加爾塞斯莫雷諾,270万英镑,1999-08-06,,183,右脚,西班牙,2022-06-30
M.桑切斯,Manuel Sanchez De La Pena,M.桑切斯,万英镑,2000-08-24,,,,西班牙,
胡安·马努埃尔,Juan Manuel Sanabria,祖安文奴爾,万英镑,2000-03-29,70,173,,乌拉圭,
阿尔法罗-莫拉塔,Alvaro Morata,摩拉達,4500万英镑,1992-10-23,80,187,右脚,西班牙,2020-06-30
I.沙波尼奇,Ivan Saponjic,I.沙波尼奇,81万英镑,1997-08-02,,192,右脚,塞尔维亚,2022-06-30
迭戈·科斯塔,Diego Da Silva Costa,迪亞高哥斯達,2250万英镑,1988-10-07,85,186,右脚,西班牙、巴西,2021-06-30
达里奥·波维达,Dario Poveda Romera,D.波維達,万英镑,1997-03-13,,185,,西班牙,
奥斯卡·加西亚,Oscar Garcia Junyent,奧斯卡·加西亞,万英镑,1973-04-26,80,184,,西班牙,
塞尔吉奥,Sergio Alvarez Conde,S.干迪,180万英镑,1986-08-03,74,179,右脚,西班牙,2020-06-30
布兰科,Ruben Sergio Veiga,R.白蘭高,270万英镑,1995-07-25,70,188,右脚,西班牙,2023-06-30
伊万·比利亚尔,Ivan Villar,韋拿,27万英镑,1997-07-09,,189,右脚,西班牙,2023-06-30
弗兰西斯科·巴博萨·维特斯,Francisco Barbosa Vieites,F.維特斯,万英镑,1999-05-07,,,,西班牙,
马洛,Hugo Mallo Novegil,曉高馬路,1350万英镑,1991-06-22,69,174,右脚,西班牙,2023-06-30
穆里略,Jeison Fabian Murillo Ceron,謝遜梅里路,720万英镑,1992-05-27,72,182,右脚,哥伦比亚、西班牙,2023-06-30
戴维科斯塔,David Costas,哥斯達斯,270万英镑,1995-03-26,,184,右脚,西班牙,2022-06-30
勒内,David Junca Rene,大衛祖卡,135万英镑,1993-11-16,,178,左脚,西班牙,2023-06-30
奥拿沙保,Lucas Olaza,奧拿沙保,315万英镑,1994-07-21,68,176,左脚,乌拉圭,2020-06-30
尼斯图尔·阿劳约,Nestor Alejandro Araujo Razo,N.阿拿奧祖,720万英镑,1991-08-29,85,188,右脚,墨西哥,2023-06-30
凯文.巴斯克斯,Kevin Vazquez Comesana,凱文·巴斯克斯,45万英镑,1993-03-23,,175,右脚,西班牙,2023-06-30
约瑟夫·艾杜,Joseph Aidoo,J.艾爾多,360万英镑,1995-09-29,,184,右脚,加纳,2024-06-30
佐治,Jorge Saenz de Miera Colmeiro Jorge,佐治,270万英镑,1996-11-17,,190,右脚,西班牙,2021-06-30
塞尔吉奥·卡雷拉,Sergio Carreira,S.卡雷拉,万英镑,2000-10-13,,,,西班牙,
席思图,Pione Sisto,西斯圖,720万英镑,1995-02-04,,172,右脚,丹麦、乌干达,2021-06-30
丹尼斯.苏亚雷斯,Denis Suarez Fernandez,丹尼斯蘇亞雷斯,1080万英镑,1994-01-06,69,176,右脚,西班牙,2023-06-30
拉菲尼亚,Rafael Alcantara Rafinha,A.拉芬哈,1350万英镑,1993-02-12,65,174,左脚,巴西、西班牙,2020-06-30
佩普谢赫,Pape Cheikh Diop Gueye,佩普谢赫,630万英镑,1997-08-08,,180,右脚,西班牙、塞内加尔,2020-06-30
O.尤库斯路,Okay Yokuslu,約克烏斯路,1080万英镑,1994-03-09,80,191,右脚,土耳其,2023-06-30
F.本谭,Francisco Beltran,F.本谭,1620万英镑,1999-02-03,,172,右脚,西班牙,2023-06-30
布雷斯门德斯,Brais Mendez,布雷斯門德斯,1800万英镑,1997-01-07,,184,左脚,西班牙,2021-06-30
I.阿斯帕斯,Iago Aspas Juncal,艾斯柏斯,2250万英镑,1987-08-01,67,176,左脚,西班牙,2023-06-30
胡安.赫尔南德斯,Juan Hernandez,胡安.哈爾南德斯,万英镑,1993-08-17,,181,,阿根廷,
J.苏亚雷斯,Juan Camilo Hernandez Suarez,J.蘇亞雷斯,900万英镑,1999-04-22,,176,右脚,哥伦比亚,2020-06-30
利迪斯,Gabriel Matias Fernandez Leites,G.費蘭迪斯,270万英镑,1994-05-13,80,186,右脚,乌拉圭,2023-06-30
S.米拿,Santiago Mina Lorenzo,辛迪米拿,2700万英镑,1995-12-07,71,181,右脚,西班牙,2024-06-30
迭戈·马丁内斯,Diego Martinez,迭戈·馬丁內斯,万英镑,1980-12-16,,,,西班牙,
R.席尔瓦,Rui Silva,R.施華,225万英镑,1994-02-07,84,191,左脚,葡萄牙,2021-06-30
亚伦埃斯坎德利,Aaron Escandell,艾斯簡迪,27万英镑,1995-09-27,,185,右脚,西班牙,2020-06-30
伊斯梅尔·科伊巴斯,Ismail Koybasi,高爾巴斯,135万英镑,1989-07-10,76,178,左脚,土耳其,2019-06-30
奎尼,Joaquin Jose Marin RuzQuini,昆尼馬連,63万英镑,1989-09-24,,178,右脚,西班牙,2020-06-30
D.弗里克尔,Dimitri Foulquier,科基爾,225万英镑,1993-03-23,78,183,右脚,瓜德罗普、法国,2019-06-30
V.米基尔,Victor David Diaz Miguel,V.米基爾,108万英镑,1988-06-12,72,183,右脚,西班牙,2022-06-30
A.桑切斯,Alejandro Martinez Sanchez,阿歷士馬天尼斯,90万英镑,1990-08-12,64,176,左脚,西班牙,2021-06-30
格尔曼.桑切斯,German Sanchez Barahona,基文山度士,45万英镑,1986-10-31,,187,右脚,西班牙、哥斯达黎加,2021-06-30
D.杜亚特,Domingos Duarte,迪明哥斯,225万英镑,1995-03-10,,192,右脚,葡萄牙,2023-06-30
乔斯.安东尼奥.马丁内兹,Jose Antonio Martinez,安东尼奥.马丁内兹,108万英镑,1993-02-12,,191,左脚,西班牙,2020-06-30
N.洛泽诺,Neyder Lozano,N.洛澤諾,54万英镑,1994-03-04,,185,左脚,哥伦比亚,2022-06-30
戈纳隆斯,Maxime Gonalons,干拿隆斯,360万英镑,1989-03-10,76,187,右脚,法国,2020-06-30
蒙尼杜素,Angel Montoro Sanchez,蒙杜路,135万英镑,1988-06-25,77,180,右脚,西班牙,2020-06-30
亚泽兹,Ramon Olamilekan Azeez,阿施斯,72万英镑,1992-12-12,67,170,右脚,尼日利亚,2022-06-30
达尔文·马奇斯,Darwin Machis,馬捷斯,270万英镑,1993-02-07,58,171,右脚,委内瑞拉、西班牙,2023-06-30
费德里科,Federico Vico Villegas,費迪域高,135万英镑,1994-07-04,70,177,左脚,西班牙,2021-06-30
巴迪洛,Alvaro Vadillo Cifuentes,華迪路,180万英镑,1994-09-12,65,180,右脚,西班牙,2020-06-30
安东尼奥普埃塔斯,Antonio Puertas,安東尼奧,180万英镑,1992-02-21,,183,右脚,西班牙,2020-06-30
Y.埃雷拉,Yangel Herrera,恩祖靴里拉,180万英镑,1998-01-07,,184,右脚,委内瑞拉,2020-06-30
Y.布莱斯,Yan Brice,Y.布莱斯,90万英镑,1997-08-26,,182,右脚,喀麦隆、西班牙,2022-06-30
严布利斯·埃特基,Yan Brice Eteki,嚴布利斯·埃特基,万英镑,1997-08-26,,,,喀麦隆,
罗伯托·索尔达多,Roberto Soldado Rillo,蘇達度,90万英镑,1985-05-27,80,180,右脚,西班牙,2020-06-30
卡洛斯·费尔南德斯,Carlos Fernandez Luna,卡洛斯·費爾南德斯,180万英镑,1996-05-22,,185,左脚,西班牙,2020-06-30
塞尔吉奥,Sergio Gonzalez Soriano,S.沙治奧,万英镑,1976-11-10,77,182,,西班牙,
佐迪卢比斯,Jordi Masip Lopez,佐迪盧比斯,540万英镑,1989-01-03,77,180,右脚,西班牙,2022-06-30
何塞·安东尼奥卡罗,Jose Antonio Caro,祖些迪亞斯,54万英镑,1994-05-03,,194,,西班牙,2021-06-30
费德里科.巴巴,Federico Barba,巴亞巴,180万英镑,1993-09-01,,185,左脚,意大利,2020-06-30
何塞·马丁内兹·加西亚,Jose Ignacio Martinez GarciaNacho,拿祖馬天尼斯,450万英镑,1989-03-07,,174,左脚,西班牙,2022-06-30
J.路加奧,Javier Moyano Lujano,J.盧查奴,72万英镑,1986-02-23,,180,右脚,西班牙,2020-06-30
劳尔-加西亚,Raul Garcia Granero,魯爾格尼奴,90万英镑,1989-04-30,72,179,左脚,西班牙,2022-06-30
基科.奥利瓦斯,Francisco Jose Olivas AlbaKiko,F.傑高,180万英镑,1988-08-21,,184,右脚,西班牙,2022-06-30
安东尼托,Antonio Jesus Regal AnguloAntonito,安東尼奧,180万英镑,1987-12-24,64,175,右脚,西班牙,2021-06-30
J.莫雷诺,Joaquin Fernandez Moreno,J.摩連奴,270万英镑,1996-05-31,,190,左脚,西班牙,2023-06-30
波罗,Pedro Porro,波羅,900万英镑,1999-09-13,,176,右脚,西班牙,2020-06-30
哈维.桑切斯,Javi Sanchez,哈維·桑切斯,180万英镑,1997-03-14,,189,,西班牙,2020-06-30
鲍勃罗.埃尔韦,Pablo Hervias,靴維亞斯,63万英镑,1993-03-08,68,174,右脚,西班牙,2022-06-30
菲德里科.迪亚斯,Federico San Emeterio Diaz,F.艾美特里奧,450万英镑,1997-03-16,,176,右脚,西班牙,2021-06-30
阿方索.米歇尔,Miguel Alfonso Herrero Michel,米古爾阿方素,180万英镑,1988-07-29,69,182,右脚,西班牙,2020-06-30
鲁本·阿尔卡拉斯,Ruben Alcaraz,占文尼斯,900万英镑,1991-05-01,,183,右脚,西班牙,2022-06-30
戴维.斯特拉司,David Mayoral Lastras,戴維.斯特拉司,27万英镑,1997-04-05,,172,双脚,西班牙,2020-06-30
托妮.维拉,Toni Villa,托妮.维拉,360万英镑,1995-01-07,,172,右脚,西班牙,2021-06-30
阿尔瓦罗,Alvaro Aguado,阿尔瓦罗,54万英镑,1996-05-01,,175,右脚,西班牙,2023-06-30
瓦尔多卢比奥,Waldo Rubio,瓦爾多盧比奧,90万英镑,1995-08-17,,181,右脚,西班牙,2022-06-30
莫克塔尔瓦内,Hacen Moctar El Ide,莫克塔尔瓦内,万英镑,1997-12-31,,181,,毛里塔尼亚,
佩德雷诺,Oscar Plano Pedreno,普蘭奴,360万英镑,1991-02-11,,179,双脚,西班牙,2021-06-30
塞尔吉瓜迪奥拉,Sergio Guardiola Navarro,塞爾吉瓜迪奧拉,450万英镑,1991-05-29,,185,右脚,西班牙,2023-06-30
辛度拉美利斯,Sandro Ram&#237;rez,辛度拉美利斯,360万英镑,1995-07-09,,175,右脚,西班牙,2020-06-30
E.乌奴,Enes Unal,E.烏奴,450万英镑,1997-05-10,,187,右脚,土耳其,2020-06-30
普拉萨,Stiven Ricardo Plaza Castillo,普拉薩,135万英镑,1999-03-11,,188,右脚,厄瓜多尔,2023-06-30
德索萨,Marcos de Sousa,德索薩,36万英镑,1996-10-20,,184,右脚,巴西,2023-06-30
何塞·路易斯·蒙迪利瓦尔,Jose Luis Mendilibar,文迪尼巴爾,万英镑,1961-03-14,,,,西班牙,
奥特里诺,Yoel Rodriguez Oterino,奧迪尼奴,135万英镑,1988-08-28,,184,右脚,西班牙,2021-06-30
M.迪米杜域,Marko Dmitrovic,M.迪米杜域,900万英镑,1992-01-24,,194,左脚,塞尔维亚,2021-06-30
阿尔比拉,Anaitz Arbilla Zabala,艾比拿,180万英镑,1987-05-15,75,178,右脚,西班牙,2021-06-30
比加斯,Pedro Bigas Rigo,比加斯,270万英镑,1990-05-15,,181,左脚,西班牙,2022-06-30
奥利维拉,Paulo Andre Rodrigues Oliveira,保羅奧利華拉,540万英镑,1992-01-08,,187,右脚,葡萄牙,2021-06-30
何塞.安赫尔,Jose Angel Valdes Diaz,荷西安祖爾,450万英镑,1989-09-05,77,182,左脚,西班牙,2020-06-30
埃斯特班布尔戈斯,Esteban Burgos,E.貝高斯,90万英镑,1992-01-09,,191,右脚,阿根廷,2022-06-30
伊万.拉米斯,Ivan Ramis Barrios,拉美斯,90万英镑,1984-10-25,82,189,右脚,西班牙,2020-06-30
安东尼奥.克雷亚,Roberto Antonio Correa Silva,羅拔哥利亞,72万英镑,1992-09-20,,180,右脚,西班牙,2022-06-30
特赫罗,Alvaro Tejero Sacristan,迪謝路,270万英镑,1996-07-20,,174,双脚,西班牙,2024-06-30
德尔加多,Alberto Delgado,迪加度,0万英镑,1991-06-04,,176,左脚,西班牙,
洛巴托,Ruben Lobato,洛巴托,22.5万英镑,1994-03-09,,180,左脚,西班牙,2022-06-30
塞尔吉奥.阿尔瓦雷斯,Sergio Alvarez Diaz,S.艾華里斯,225万英镑,1992-01-23,65,183,右脚,西班牙,2022-06-30
佩德罗.莱昂,Pedro Leon Sanchez Gil,柏度利安,162万英镑,1986-11-24,81,183,右脚,西班牙,2020-06-30
P.布拉西斯,Pablo De Blasis,柏保路巴拉斯,180万英镑,1988-02-04,65,165,右脚,阿根廷,2020-06-30
法比安-奥雷利亚纳,Fabian Ariel Orellana Valenzuela,F.奧維蘭拿,225万英镑,1986-01-27,70,171,右脚,智利,2020-06-30
塞巴斯蒂安,Sebastian Carlos Cristoforo Pepe,基斯杜科路,135万英镑,1993-08-23,66,173,右脚,乌拉圭、意大利,2021-06-30
格兰德,Javier Lara Grande,J.格蘭迪,45万英镑,1985-12-04,71,179,右脚,西班牙,2019-06-30
G.埃斯卡兰特,Gonzalo Escalante,艾斯卡蘭迪,360万英镑,1993-03-27,76,182,右脚,阿根廷、意大利,2020-06-30
P.迪奥普,Papakouly Diop,P.迪奧普,135万英镑,1986-03-19,73,180,右脚,塞内加尔、法国,2020-06-30
E.艾普斯托,Eduardo Exposito,E.艾斯普薛圖,360万英镑,1996-08-01,,178,右脚,西班牙,2024-06-30
乾贵士,Takashi Inui,乾貴士,360万英镑,1988-06-02,59,169,右脚,日本,2022-06-30
奎克,Enrique Garcia Martinez Kike,傑基加西亞,270万英镑,1989-11-25,,186,右脚,西班牙,2021-06-30
查尔斯,Charles Dias de Oliveira,查里斯戴亞斯,180万英镑,1984-04-04,75,179,右脚,巴西、葡萄牙,2020-06-30
塞尔吉,Sergi Enrich Ametller,沙治安歷治,675万英镑,1990-02-26,77,181,右脚,西班牙,2022-06-30
奎克,Enrique Gonzalez CasinQuique,古基干沙利斯,135万英镑,1990-05-16,67,177,左脚,西班牙,2024-06-30
加里塔诺,Asier Garitano,加里塔诺,万英镑,1969-12-06,,,,西班牙,
帕切科,Fernando Pacheco Flores,F.柏捷高,1350万英镑,1992-05-18,85,186,左脚,西班牙,2023-06-30
卡斯特罗.佩雷斯,Artiz Castro Perez,卡斯特罗.佩雷斯,万英镑,1998-05-20,,,,西班牙,
阿里茨·卡斯特罗·佩雷兹,Aritz Castro Perez,阿里茨·卡斯特羅,万英镑,1998-05-20,,,,西班牙,
R.库基亚,Rafael Navarro Cujia,拉法拿華路,45万英镑,1994-02-23,70,173,右脚,西班牙,2021-06-30
马加拉恩,Lisandro Rodriguez Magallan,利辛度馬加倫,540万英镑,1993-09-27,79,185,右脚,阿根廷、意大利,2020-06-30
罗德里戈.伊利,Rodrigo Ely,洛迪高艾利,180万英镑,1993-11-03,81,188,右脚,巴西、意大利,2021-06-30
薜慕,Joaquin Navarro Jimenez,施莫拿華路,270万英镑,1990-01-23,70,176,右脚,西班牙,2021-06-30
高美思,Adrian Marin Gomez,阿祖安馬連,72万英镑,1997-01-09,,186,左脚,西班牙,2021-06-30
鲁本.杜阿尔特,Ruben Duarte Sanchez,魯賓杜亞迪,450万英镑,1995-10-18,,180,左脚,西班牙,2023-06-30
维克托.拉瓜迪亚,Victor Laguardia Cisneros,拉哥迪亞,900万英镑,1989-11-05,75,185,右脚,西班牙,2022-06-30
马丁阿古拉甘,Martin Aguirregabiria,阿古利加,675万英镑,1996-05-10,,178,右脚,西班牙,2022-06-30
阿尔贝托.罗德里格斯,Alberto Rodriguez,阿爾貝托.羅德裏格斯,万英镑,1997-09-10,,,,西班牙,
多知,Tachi,多知,27万英镑,1997-09-10,,184,右脚,西班牙,2023-06-30
D.罗杰斯,Daniel Alejandro Torres Rojas,D.托里斯,81万英镑,1989-11-15,80,183,,哥伦比亚,2020-06-30
托马斯·皮纳,Tomas Pina Isla,湯馬士賓拿,225万英镑,1987-10-14,75,185,右脚,西班牙,2021-06-30
M.加西亚,Manuel Alejandro Garcia Sanchez,S.文奴加西亞,180万英镑,1986-04-26,,182,左脚,西班牙,2020-06-30
P.邦斯,Pere Pons Riera,P.邦斯,360万英镑,1993-02-20,,177,右脚,西班牙,2022-06-30
卡马拉沙,Victor Camarasa Ferrando,卡馬拉沙,450万英镑,1994-05-28,76,183,右脚,西班牙,2020-06-30
比达尔,Alexis Vidal Parreu,阿歷斯維達爾,360万英镑,1989-08-21,70,177,右脚,西班牙,2020-06-30
哈维尔.穆尼奥斯,Javier Munoz Jimenez,查維梅奴斯,6.4万英镑,1995-01-24,70,176,,智利,
布尔吉,Burgui,貝古爾,135万英镑,1993-10-29,,184,右脚,西班牙,2021-06-30
J.穆尼奥斯,Javi Munoz,J.穆尼奧斯,45万英镑,1995-02-28,,179,右脚,西班牙,2021-06-30
路易斯里奥哈,Luis Rioja,路易斯·里奥哈,135万英镑,1993-10-16,,176,左脚,西班牙,2023-06-30
伊斯梅尔古铁雷斯,Ismael Gutierrez,伊斯梅爾古鐵雷斯,90万英镑,2000-08-07,,,,西班牙,
奥伊尔·萨里吉,Oier Sarriegi,O.薩里吉,万英镑,1997-05-17,,,,西班牙,
何塞卢,Jose Luis Sanmartin MatoJoselu,祖斯路,360万英镑,1990-03-27,80,192,右脚,西班牙,2022-06-30
卢卡斯-佩雷斯,Lucas Perez Martinez,盧卡斯皮里斯,360万英镑,1988-09-10,,180,左脚,西班牙,2022-06-30
奥利弗.布尔克,Oliver Burke,奧利華貝基,900万英镑,1997-04-07,,188,右脚,苏格兰,2019-06-30
阿吉雷,Javier Aguirre,阿古利,万英镑,1958-12-01,73,173,,墨西哥,
奎利亚尔,Ivan Cuellar Sacristan,艾雲古爾拿,72万英镑,1984-05-25,75,187,左脚,西班牙,2021-06-30
J.索里亚诺,Juan Soriano,J.蘇利安奴,225万英镑,1997-08-23,,185,,西班牙,2020-06-30
安德烈格兰迪,Andre Grandi,安德烈格蘭迪,27万英镑,1997-05-02,,193,右脚,巴西、意大利,2022-06-30
罗萨莱斯,Rosales Roberto,羅沙里斯,225万英镑,1988-11-20,73,174,右脚,委内瑞拉,2021-06-30
D.斯欧瓦斯,Dimitrios Siovas,索華斯,540万英镑,1988-09-16,84,191,左脚,希腊,2021-06-30
U.布斯蒂萨,Unai Bustinza Martinez,布斯天沙,360万英镑,1992-02-02,,175,右脚,西班牙,2021-06-30
若纳坦.席尔瓦,Jonathan Silva,莊拿芬施華,270万英镑,1994-06-29,69,181,左脚,阿根廷、意大利,2023-06-30
凯文.罗德里格斯,Kevin Rodrigues Pires,奇雲洛迪古斯,270万英镑,1994-03-05,60,170,左脚,葡萄牙、法国,2020-06-30
马科斯纳瓦罗,Marcos Navarro,馬科斯納瓦羅,180万英镑,1995-07-02,,188,右脚,西班牙,2020-06-30
罗德里戈.塔林,Rodrigo Tarin Higon,罗德里戈.塔林,180万英镑,1996-07-05,,183,右脚,西班牙,2021-06-30
C.阿洛兹,Chidozie Awaziem,阿華森,315万英镑,1997-01-01,,189,右脚,尼日利亚,2020-06-30
若泽梅嘉斯,Josua Mejias,若澤梅嘉斯,18万英镑,1997-08-01,,185,右脚,委内瑞拉,2023-06-30
亚历克斯马丁,Alex Martin,A.馬田,9万英镑,1998-01-25,,173,,西班牙,2021-06-30
K.奥梅罗,Kenneth Josiah Omeruo,奧美魯奧,450万英镑,1993-10-17,78,185,右脚,尼日利亚,2024-06-30
伊凡·克里斯托瓦尔,Ivan Lopez Cristobal,I.克里斯托瓦爾,万英镑,1998-08-08,,,,西班牙,
雷西奥,Jose Luis Garc&#237;a del Pozo Recio,列斯奧,270万英镑,1991-01-11,74,183,右脚,西班牙,2022-06-30
罗克,Roque Mesa Quevedo,洛基美沙,630万英镑,1989-06-07,,172,右脚,西班牙,2020-06-30
哈维尔.埃拉索,Javier Eraso,艾拉素,135万英镑,1990-03-22,,182,右脚,西班牙,2020-06-30
施文诺夫斯基,Alexander Szymanowski,施文洛斯基,135万英镑,1988-10-13,70,174,左脚,阿根廷、波兰,2020-06-30
鲁本.佩雷斯,Ruben Perez Marmol,魯賓皮里斯,675万英镑,1989-04-26,72,178,右脚,西班牙,2022-06-30
C.埃尔南德斯,Christian Rivera Hernandez,C.埃爾南德斯,225万英镑,1997-07-09,,191,右脚,西班牙,2020-06-30
阿奈兹,Jose Manuel Arnaiz Diaz,艾拿斯,225万英镑,1995-04-15,,175,右脚,西班牙,2023-06-30
奥斯卡.罗德里格斯.阿尔奈斯,Oscar Rodriguez Arnaiz,O.艾拿斯,900万英镑,1998-06-28,,174,,西班牙,2020-06-30
奥乌苏,Owusu,奧烏蘇,27万英镑,1997-06-18,,182,右脚,加纳,2022-06-30
艾托鲁伊巴尔,Aitor Ruibal,A.魯伊巴爾,135万英镑,1996-03-22,,176,右脚,西班牙,2020-06-30
哈维尔阿维尔斯,Javier Aviles,哈維爾阿維爾斯,万英镑,1997-08-17,,,,西班牙,
M.布雷斯韦特,Martin Braithwaite,巴夫韋迪,720万英镑,1991-06-05,75,177,双脚,丹麦、圭亚那,2023-06-30
G.卡尔罗,Guido Marcelo Carrillo,基度卡里路,675万英镑,1991-05-25,86,191,右脚,阿根廷、意大利,2020-06-30
